external_id,first_name,last_name,position,tournament_name,club_name,games_played,mvp_count,goals,assists,yellow_cards,red_cards,match_rows,wins,starts,goals_conceded,defensive_points,computed_rating,avg_points_per_game,division_rank,division_total
62ff85175af15e27816fe20e,Шапи,Абидов,,Суперлига — Премьер-Лига,Алания СПб,10,1,0,0,2,0,2,0,1,8,,2.00,0.20,146,291
66ade4a03a4fb35a78fb6d22,Рафаэль,Алиев,,Суперлига — Премьер-Лига,Алания СПб,8,2,5,0,5,0,0,0,0,,,19.00,2.38,23,291
62ff8f0f5af15e2781709186,Руслан,Асадов,,Суперлига — Премьер-Лига,Алания СПб,10,0,0,0,0,0,0,0,0,,,0.00,0.00,184,291
62ff978e5af15e278171188c,Амил,Ахмедов,,Суперлига — Премьер-Лига,Алания СПб,11,0,0,1,3,0,1,0,1,11,,1.00,0.09,163,291
670bb7b38caa73e53c420054,Эмин,Ахмедов,,Суперлига — Премьер-Лига,Алания СПб,0,0,0,0,0,0,0,0,0,,,0.00,0.00,186,291
69d190162a91fb06a9f6c40c,Денис,Виноградов,,Суперлига — Премьер-Лига,Алания СПб,3,0,0,0,0,0,0,0,0,,,0.00,0.00,194,291
62ffacb45af15e2781726837,Сармат,Гагиев,,Суперлига — Премьер-Лига,Алания СПб,11,2,3,1,3,1,2,0,1,8,,14.00,1.27,42,291
62ffaf965af15e2781729664,Таймураз,Гагиев,,Суперлига — Премьер-Лига,Алания СПб,8,1,2,0,2,1,2,0,0,8,,8.00,1.00,68,291
62fe551c34134c11a93c8b86,Давид,Гаглоев,,Суперлига — Премьер-Лига,Алания СПб,4,0,1,2,1,0,2,0,2,8,,5.00,1.25,96,291
62ff6c6b5af15e27816e28b5,Анрид,Гаджиев,,Суперлига — Премьер-Лига,Алания СПб,7,1,0,1,3,0,1,0,1,3,,3.00,0.43,121,291
62ff671e5af15e27816dd17a,Султан,Гамзатов,,Суперлига — Премьер-Лига,Алания СПб,3,1,2,2,1,0,0,0,0,,,10.00,3.33,58,291
64ccc4bbbb9afa71da743acf,Олег,Гусейнов,,Суперлига — Премьер-Лига,Алания СПб,9,0,2,0,2,0,2,0,2,8,,6.00,0.67,85,291
63238ec11ee2327f68622382,Иван,Достовалов,,Суперлига — Премьер-Лига,Алания СПб,7,0,1,0,0,0,0,0,0,,,3.00,0.43,127,291
62ffb1cd5af15e278172bd99,Давид,Елоев,,Суперлига — Премьер-Лига,Алания СПб,10,0,0,0,2,0,1,0,0,3,,0.00,0.00,206,291
62ffb1a55af15e278172bb5b,Дмитрий,Жабин,,Суперлига — Премьер-Лига,Алания СПб,1,0,0,0,0,0,1,0,0,3,,0.00,0.00,209,291
62ff7c955af15e27816f56ae,Макс,Жестарев,,Суперлига — Премьер-Лига,Алания СПб,2,0,0,0,0,0,0,0,0,,,0.00,0.00,210,291
62ff54184e0d681d80aa9829,Сергей,Илатовский,,Суперлига — Премьер-Лига,Алания СПб,8,0,1,0,3,0,0,0,0,,,3.00,0.38,129,291
62fe57d134134c11a93ca359,Сергей,Карпов,,Суперлига — Премьер-Лига,Алания СПб,6,1,4,1,0,0,0,0,0,,,15.00,2.50,39,291
62ff4f884e0d681d80aa48f6,Дмитрий,Карташов,,Суперлига — Премьер-Лига,Алания СПб,3,1,0,0,0,0,0,0,0,,,2.00,0.67,150,291
69177bd9a89e0e7bea0d657c,Джасур,Мамаражабов,,Суперлига — Премьер-Лига,Алания СПб,3,0,0,0,0,1,0,0,0,,,0.00,0.00,237,291
62ffb87eaa8c2e49e5f7d799,Кирилл,Орлов,,Суперлига — Премьер-Лига,Алания СПб,6,0,0,0,1,1,0,0,0,,,0.00,0.00,252,291
6816534597bfcccf8d98c12b,Даниил,Павлов,,Суперлига — Премьер-Лига,Алания СПб,4,1,1,0,2,0,0,0,0,,,5.00,1.25,101,291
62ff9c1c5af15e2781716894,Владислав,Сальников,,Суперлига — Премьер-Лига,Алания СПб,7,0,0,1,1,0,0,0,0,,,1.00,0.14,175,291
688d1254179c910fe0ab26c5,Артемий,Симанков,,Суперлига — Премьер-Лига,Алания СПб,3,0,0,0,0,0,1,0,0,3,,0.00,0.00,270,291
62ff6c625af15e27816e283a,Башир,Султыгов,,Суперлига — Премьер-Лига,Алания СПб,7,0,0,0,0,0,0,0,0,,,0.00,0.00,275,291
62ffa0555af15e278171acb0,Григорий,Бритов,,Суперлига — Премьер-Лига,Алгоритм,10,0,2,0,3,1,1,0,1,4,,6.00,0.60,83,291
640ed0bd0e573c21288e1eb8,Роман,Воробьев,,Суперлига — Премьер-Лига,Алгоритм,2,0,0,1,0,0,1,0,1,3,,1.00,0.50,166,291
66ff9e02ae4e231522aaf807,Александр,Дударев,,Суперлига — Премьер-Лига,Алгоритм,2,0,0,0,0,0,0,0,0,,,0.00,0.00,204,291
643155d6f7804736495ede8c,Егор,Ефимов,,Суперлига — Премьер-Лига,Алгоритм,1,0,0,0,0,0,0,0,0,,,0.00,0.00,208,291
69b5305cd107866f4a43f14d,Илья,Зайцев,,Суперлига — Премьер-Лига,Алгоритм,3,0,0,0,0,0,0,0,0,,,0.00,0.00,211,291
62ff6c0e5af15e27816e2329,Сергей,Коваленко,,Суперлига — Премьер-Лига,Алгоритм,9,0,0,0,1,0,0,0,0,,,0.00,0.00,220,291
62fea8b39c26801f955f1f5a,Денис,Козлов,,Суперлига — Премьер-Лига,Алгоритм,7,0,0,0,0,0,1,0,1,3,,0.00,0.00,221,291
62ff827a5af15e27816fb698,Михаил,Козлов,,Суперлига — Премьер-Лига,Алгоритм,1,0,0,0,0,0,0,0,0,,,0.00,0.00,222,291
62fea0849c26801f955ec9b3,Дмитрий,Колош,,Суперлига — Премьер-Лига,Алгоритм,11,0,5,4,0,0,1,0,1,4,,19.00,1.73,24,291
64ccdc0fbb9afa71da74d7de,Владислав,Кузнецов,,Суперлига — Премьер-Лига,Алгоритм,0,0,0,0,0,0,0,0,0,,,0.00,0.00,229,291
688d1641ee774c1000eb849a,Илья,Левин,,Суперлига — Премьер-Лига,Алгоритм,8,1,0,1,1,0,0,0,0,,,3.00,0.38,132,291
67377073b1a709b859c2f6c1,Никита,Лузан,,Суперлига — Премьер-Лига,Алгоритм,9,1,2,3,2,0,1,0,1,3,,11.00,1.22,54,291
69617e90970a7e0ac5f9205b,Максим,Малафеев,,Суперлига — Премьер-Лига,Алгоритм,7,1,0,0,0,0,0,0,0,,,2.00,0.29,154,291
62ffa90a5af15e2781723099,Валерий,Марков,,Суперлига — Премьер-Лига,Алгоритм,8,0,5,3,0,0,0,0,0,,,18.00,2.25,30,291
62ff9d3d5af15e27817176f8,Владимир,Миноранский,,Суперлига — Премьер-Лига,Алгоритм,4,0,2,2,0,0,1,0,1,3,,8.00,2.00,70,291
6323895b1ee2327f6861f68b,Максим,Петренко,,Суперлига — Премьер-Лига,Алгоритм,10,2,2,1,0,0,1,0,1,3,,11.00,1.10,56,291
62ff55424e0d681d80aaab43,Олег,Самсонов,,Суперлига — Премьер-Лига,Алгоритм,0,0,0,0,0,0,0,0,0,,,0.00,0.00,268,291
6323875c1ee2327f6861e5ed,Игорь,Смольников,,Суперлига — Премьер-Лига,Алгоритм,1,0,1,1,0,0,0,0,0,,,4.00,4.00,114,291
69865af1ec42650ade0105de,Даниил,Соколов,,Суперлига — Премьер-Лига,Алгоритм,11,3,8,8,1,0,0,0,0,,,38.00,3.45,5,291
62ffa9655af15e278172353e,Илья,Суворов,,Суперлига — Премьер-Лига,Алгоритм,9,0,3,1,0,0,1,0,0,3,,10.00,1.11,60,291
62ffbae1aa8c2e49e5f801b4,Виктор,Файзулин,,Суперлига — Премьер-Лига,Алгоритм,2,0,0,0,1,0,0,0,0,,,0.00,0.00,281,291
62ffad065af15e2781726c70,Иван,Фалалеев,,Суперлига — Премьер-Лига,Алгоритм,4,0,0,0,0,0,1,1,1,1,,0.00,0.00,282,291
68b9e42e94b5515987847c17,Владислав,Шапарев,,Суперлига — Премьер-Лига,Алгоритм,11,3,9,4,2,0,0,0,0,,,37.00,3.36,6,291
62ffbae3aa8c2e49e5f801bc,Олег,Шатов,,Суперлига — Премьер-Лига,Алгоритм,1,1,2,0,0,0,0,0,0,,,8.00,8.00,72,291
62ff8acf5af15e2781704b71,Олег,Яковлев,,Суперлига — Премьер-Лига,Алгоритм,12,0,3,1,1,0,0,0,0,,,10.00,0.83,61,291
69d15d582a91fb06a9f5e836,Радмир,Адылов,,Суперлига — Премьер-Лига,Атлант,6,0,1,2,2,0,0,0,0,,,5.00,0.83,90,291
62fe48e660710a0b7a9702a7,Евгений,Алдухов,,Суперлига — Премьер-Лига,Атлант,12,2,0,5,2,0,1,1,1,1,,9.00,0.75,62,291
69d15d582a91fb06a9f5e834,Лука,Аралов,,Суперлига — Премьер-Лига,Атлант,7,0,1,2,0,0,0,0,0,,,5.00,0.71,91,291
62ff5ca5e5e918239432ddc6,Лев,Аронов,,Суперлига — Премьер-Лига,Атлант,3,0,0,0,0,0,1,1,1,1,,0.00,0.00,182,291
632385dd1ee2327f6861d97b,Артем,Бацов,,Суперлига — Премьер-Лига,Атлант,3,0,0,0,0,0,1,1,0,1,,0.00,0.00,189,291
69f37336feb313c5ba572d05,Георгий,Винокуров,,Суперлига — Премьер-Лига,Атлант,2,1,1,0,0,0,0,0,0,,,5.00,2.50,94,291
6973c980ec42650adede4bd2,Евгений,Вронский,,Суперлига — Премьер-Лига,Атлант,3,0,1,0,0,0,0,0,0,,,3.00,1.00,120,291
645b9c3a9ffe962ba0801f09,Дмитрий,Горожанин,,Суперлига — Премьер-Лига,Атлант,11,0,8,1,1,0,1,1,1,1,,25.00,2.27,17,291
64e24581281a0e57b0d92808,Иван,Гуляев,,Суперлига — Премьер-Лига,Атлант,4,1,0,0,0,0,1,1,1,1,,2.00,0.50,148,291
632395591ee2327f68625c48,Дмитрий,Дубылкин,,Суперлига — Премьер-Лига,Атлант,9,0,4,0,3,0,1,1,1,1,,12.00,1.33,44,291
69cbad452a91fb06a9eb5b1d,Роман,Карачаров,,Суперлига — Премьер-Лига,Атлант,3,0,0,0,0,0,0,0,0,,,0.00,0.00,217,291
67fa2722498f3886af30de0d,Максимилиан,Корнилов,,Суперлига — Премьер-Лига,Атлант,5,0,0,0,0,0,1,1,0,1,,0.00,0.00,224,291
69e28904f3dee6147723190d,Дмитрий,Лебедев,,Суперлига — Премьер-Лига,Атлант,3,0,1,0,0,0,0,0,0,,,3.00,1.00,131,291
69d15d582a91fb06a9f5e830,Алексей,Лущицкий,,Суперлига — Премьер-Лига,Атлант,4,0,0,0,0,0,0,0,0,,,0.00,0.00,236,291
62ff8adf5af15e2781704c53,Артем,Мальцевич,,Суперлига — Премьер-Лига,Атлант,9,0,3,0,2,0,0,0,0,,,9.00,1.00,65,291
62ff9cd25af15e2781717136,Виктор,Маслобоев,,Суперлига — Премьер-Лига,Атлант,8,0,0,1,0,0,0,0,0,,,1.00,0.13,169,291
6323a2921ee2327f6862c8e9,Григорий,Митин,,Суперлига — Премьер-Лига,Атлант,2,0,0,0,0,0,0,0,0,,,0.00,0.00,242,291
63239ee91ee2327f6862ab3b,Виталий,Петров,,Суперлига — Премьер-Лига,Атлант,9,0,0,0,1,1,1,1,0,1,,0.00,0.00,257,291
62ff930a5af15e278170d276,Николай,Раков,,Суперлига — Премьер-Лига,Атлант,9,0,0,0,1,0,0,0,0,,,0.00,0.00,265,291
69f37336feb313c5ba572d03,Руслан,Сидоров,,Суперлига — Премьер-Лига,Атлант,7,0,1,2,0,0,0,0,0,,,5.00,0.71,104,291
62ffa37b5af15e278171e582,Сергей,Смирнов,,Суперлига — Премьер-Лига,Атлант,8,4,8,2,0,0,0,0,0,,,34.00,4.25,9,291
69d15d582a91fb06a9f5e82e,Алексей,Федоров,,Суперлига — Премьер-Лига,Атлант,12,3,6,2,3,0,0,0,0,,,26.00,2.17,16,291
69d15d582a91fb06a9f5e82c,Константин,Филинцов,,Суперлига — Премьер-Лига,Атлант,4,0,0,2,0,0,0,0,0,,,2.00,0.50,159,291
62fe9781375a1c1d6366d805,Артем,Чистяков,,Суперлига — Премьер-Лига,Атлант,8,0,0,0,0,0,1,1,1,1,,0.00,0.00,288,291
62feabb79c26801f955f3ddb,Юрий,Шарапов,,Суперлига — Премьер-Лига,Атлант,10,1,0,1,0,0,0,0,0,,,3.00,0.30,144,291
62ff6b7e5af15e27816e1c40,Николай,Бортничук,,Суперлига — Премьер-Лига,Ветеранов,11,5,8,2,0,0,2,1,2,6,,36.00,3.27,7,291
62ff92aa5af15e278170ca4e,Расул,Газимагомедов,,Суперлига — Премьер-Лига,Ветеранов,2,0,1,0,0,0,0,0,0,,,3.00,1.50,122,291
672b73036060acdd398a07b1,Степан,Галахов,,Суперлига — Премьер-Лига,Ветеранов,9,0,0,0,0,0,0,0,0,,,0.00,0.00,195,291
62fe455060710a0b7a96dff0,Евгений,Евдокимов,,Суперлига — Премьер-Лига,Ветеранов,10,0,0,0,1,0,2,1,2,6,,0.00,0.00,205,291
6323941b1ee2327f686250d2,Егор,Иванец,,Суперлига — Премьер-Лига,Ветеранов,0,0,0,0,0,0,2,1,2,6,,0.00,0.00,212,291
62ff94ed5af15e278170ee9c,Андрей,Кузьменко,,Суперлига — Премьер-Лига,Ветеранов,5,0,0,0,0,0,0,0,0,,,0.00,0.00,230,291
62ff95115af15e278170efd9,Владимир,Лепихов,,Суперлига — Премьер-Лига,Ветеранов,11,2,0,0,1,0,2,1,2,6,,4.00,0.36,108,291
66a75b327179c858c57b2d18,Даниил,Медведенко,,Суперлига — Премьер-Лига,Ветеранов,9,1,3,1,1,1,1,1,1,2,,12.00,1.33,46,291
62ffaedd5af15e27817288ac,Анатолий,Миронов,,Суперлига — Премьер-Лига,Ветеранов,7,0,0,1,2,0,2,1,1,6,,1.00,0.14,170,291
62ff6dbd5af15e27816e3cc4,Виталий,Мишин,,Суперлига — Премьер-Лига,Ветеранов,0,0,0,0,0,0,0,0,0,,,0.00,0.00,244,291
62feb23d9c26801f955f7da6,Михаил,Морозов,,Суперлига — Премьер-Лига,Ветеранов,0,0,0,0,0,0,0,0,0,,,0.00,0.00,245,291
62ff6be35af15e27816e20d2,Дмитрий,Пеньков,,Суперлига — Премьер-Лига,Ветеранов,9,0,1,1,1,0,2,1,1,6,,4.00,0.44,111,291
62ff4c014e0d681d80aa1df2,Михаил,Радыгин,,Суперлига — Премьер-Лига,Ветеранов,11,0,1,0,1,0,0,0,0,,,3.00,0.27,137,291
62ff6be45af15e27816e20d6,Кирилл,Савин,,Суперлига — Премьер-Лига,Ветеранов,5,0,0,2,2,0,1,0,0,4,,2.00,0.40,155,291
62feb21f9c26801f955f7c82,Максим,Суслов,,Суперлига — Премьер-Лига,Ветеранов,8,1,2,4,1,0,1,0,0,4,,12.00,1.50,49,291
62ff8e545af15e27817089c3,Андрей,Терпячий,,Суперлига — Премьер-Лига,Ветеранов,10,0,1,0,0,0,0,0,0,,,3.00,0.30,141,291
62ff9b875af15e2781715eca,Иван,Чабан,,Суперлига — Премьер-Лига,Ветеранов,9,0,0,0,1,0,0,0,0,,,0.00,0.00,287,291
62feb2af9c26801f955f823d,Даниил,Чеглаков,,Суперлига — Премьер-Лига,Ветеранов,5,0,0,1,2,0,1,0,1,4,,1.00,0.20,177,291
62ffa9325af15e278172328f,Евгений,Шибанов,,Суперлига — Премьер-Лига,Ветеранов,10,1,3,0,5,1,2,1,1,6,,11.00,1.10,57,291
62ff6b855af15e27816e1c60,Дмитрий,Штягин,,Суперлига — Премьер-Лига,Ветеранов,8,1,0,0,4,1,0,0,0,,,2.00,0.25,162,291
632399031ee2327f686279f9,Денис,Яковлев,,Суперлига — Премьер-Лига,Ветеранов,0,0,0,0,0,0,0,0,0,,,0.00,0.00,290,291
62ffb1ba5af15e278172bc8d,Виктор,Ясточкин,,Суперлига — Премьер-Лига,Ветеранов,8,0,0,0,4,0,0,0,0,,,0.00,0.00,291,291
63239ab41ee2327f6862885b,Максим,Батов,,Суперлига — Премьер-Лига,Каццо,7,3,6,8,1,1,2,2,1,0,,32.00,4.57,10,291
69d1636ced166a068c2fce13,Дмитрий,Бацман,,Суперлига — Премьер-Лига,Каццо,6,0,2,0,0,0,0,0,0,,,6.00,1.00,82,291
62ff73225af15e27816ea45c,Александр,Борисов,,Суперлига — Премьер-Лига,Каццо,4,0,1,2,0,0,1,1,1,1,,5.00,1.25,92,291
62ffaa935af15e27817249fb,Сергей,Войтюк,,Суперлига — Премьер-Лига,Каццо,5,0,0,1,0,0,0,0,0,,,1.00,0.20,165,291
64ccb65bbb9afa71da73b6ad,Максим,Вотинов,,Суперлига — Премьер-Лига,Каццо,9,2,14,0,0,0,1,0,1,4,,46.00,5.11,3,291
667d52a1a2cc3949f729283f,Дмитрий,Гавриленко,,Суперлига — Премьер-Лига,Каццо,8,0,1,1,1,0,1,0,1,8,,4.00,0.50,106,291
691798a7acd22ab4b704ddbf,Резаг,Диало,,Суперлига — Премьер-Лига,Каццо,4,0,0,0,1,0,0,0,0,,,0.00,0.00,198,291
62ffa0435af15e278171abdf,Дмитрий,Дмитрук,,Суперлига — Премьер-Лига,Каццо,9,0,7,2,1,0,0,0,0,,,23.00,2.56,20,291
66ff9ce7ff84ff7e509d4fb4,Александр,Емельянов,,Суперлига — Премьер-Лига,Каццо,11,0,1,5,1,0,0,0,0,,,8.00,0.73,69,291
68def25f4208d27679896685,Илья,Зикрань,,Суперлига — Премьер-Лига,Каццо,4,2,2,1,1,0,0,0,0,,,11.00,2.75,52,291
673b57536c77c8271d7ccc91,Важа,Кикава,,Суперлига — Премьер-Лига,Каццо,5,1,3,4,0,0,2,2,0,0,,15.00,3.00,40,291
6439e132da107a1e92e54008,Илья,Морозов,,Суперлига — Премьер-Лига,Каццо,12,1,8,4,2,0,1,0,1,4,,30.00,2.50,11,291
69abe5c2402037869a59df37,Даниил,Николаев,,Суперлига — Премьер-Лига,Каццо,4,1,4,2,0,0,0,0,0,,,16.00,4.00,37,291
64cc2120bb9afa71da723f3f,Кирилл,Овод,,Суперлига — Премьер-Лига,Каццо,5,0,0,0,2,0,0,0,0,,,0.00,0.00,251,291
68123d05a59ea6cfe51d9c7a,Арутюн,Петросян,,Суперлига — Премьер-Лига,Каццо,1,0,0,0,0,0,0,0,0,,,0.00,0.00,259,291
68a84f0b796eae076767ec68,Григорий,Петросянц,,Суперлига — Премьер-Лига,Каццо,8,0,1,1,0,0,0,0,0,,,4.00,0.50,112,291
6619a0afe0fc3302cc637a0c,Вадим,Ракутин,,Суперлига — Премьер-Лига,Каццо,5,0,0,1,2,0,1,0,1,2,,1.00,0.20,173,291
6792299b160f341434159495,Александр,Свердлик,,Суперлига — Премьер-Лига,Каццо,8,0,1,2,2,2,0,0,0,,,5.00,0.63,103,291
63238a021ee2327f6861fc04,Алексей,Тараканов,,Суперлига — Премьер-Лига,Каццо,6,1,0,0,1,0,0,0,0,,,2.00,0.33,157,291
69d0c0402a91fb06a9f36b04,Артём,Терещук,,Суперлига — Премьер-Лига,Каццо,4,0,1,1,0,0,0,0,0,,,4.00,1.00,115,291
62ffb878aa8c2e49e5f7d75d,Алексей,Тихонов,,Суперлига — Премьер-Лига,Каццо,1,0,0,0,0,0,0,0,0,,,0.00,0.00,279,291
68dedd7cf1b382766c969c18,Родион,Томов,,Суперлига — Премьер-Лига,Каццо,11,0,6,4,2,0,0,0,0,,,22.00,2.00,21,291
67364c256060acdd39a0bc11,Максим,Тугайбей,,Суперлига — Премьер-Лига,Каццо,3,0,1,0,0,0,0,0,0,,,3.00,1.00,143,291
62ffba6aaa8c2e49e5f7f5fc,Александр,Феофанов,,Суперлига — Премьер-Лига,Каццо,7,0,0,0,1,0,2,1,1,6,,0.00,0.00,283,291
674054c7b2749836b22cbb7e,Алексей,Шпикуляк,,Суперлига — Премьер-Лига,Каццо,7,1,0,1,0,0,0,0,0,,,3.00,0.43,145,291
645e211ef0d92d249e1204d4,Заур,Алиев,,Суперлига — Премьер-Лига,Маяк,9,2,2,1,0,1,1,0,1,4,,11.00,1.22,51,291
688b6459e08168bbb3231a1b,Иван,Аренд,,Суперлига — Премьер-Лига,Маяк,3,0,0,0,0,0,0,0,0,,,0.00,0.00,181,291
62ff528c4e0d681d80aa855b,Максим,Бойко,,Суперлига — Премьер-Лига,Маяк,7,0,1,0,1,1,1,0,1,4,,3.00,0.43,118,291
62ffa2685af15e278171d2f0,Никита-Александр,Боровенков,,Суперлига — Премьер-Лига,Маяк,8,0,1,2,2,0,0,0,0,,,5.00,0.63,93,291
632383a21ee2327f6861c7c6,Ярослав,Бурьянов,,Суперлига — Премьер-Лига,Маяк,9,0,2,2,1,0,0,0,0,,,8.00,0.89,67,291
62ffae3b5af15e278172820e,Павел,Долотов,,Суперлига — Премьер-Лига,Маяк,3,0,0,0,1,0,0,0,0,,,0.00,0.00,199,291
68b9e5f7da17b0598c30d230,Савва,Дружков,,Суперлига — Премьер-Лига,Маяк,3,0,0,0,0,0,0,0,0,,,0.00,0.00,201,291
62fe3d2560710a0b7a969160,Андрей,Дубас,,Суперлига — Премьер-Лига,Маяк,3,0,1,0,0,0,0,0,0,,,3.00,1.00,128,291
6995d22f5a127bb0e278bbdf,Роман,Ерохин,,Суперлига — Премьер-Лига,Маяк,6,1,1,0,1,0,0,0,0,,,5.00,0.83,97,291
62fe476a60710a0b7a96f49a,Сергей,Корольков,,Суперлига — Премьер-Лига,Маяк,0,0,0,0,0,0,1,0,1,4,,0.00,0.00,225,291
62fe455e60710a0b7a96e059,Антон,Кудряшов,,Суперлига — Премьер-Лига,Маяк,3,1,0,0,0,1,1,0,0,4,,2.00,0.67,153,291
632383101ee2327f6861c324,Вадим,Медведев,,Суперлига — Премьер-Лига,Маяк,5,0,0,0,0,0,0,0,0,,,0.00,0.00,239,291
62feabff9c26801f955f400c,Игорь,Михайлов,,Суперлига — Премьер-Лига,Маяк,10,1,0,1,2,0,1,0,0,4,,3.00,0.30,133,291
63238d381ee2327f68621636,Эмиль,Мульдт,,Суперлига — Премьер-Лига,Маяк,4,0,0,0,1,0,0,0,0,,,0.00,0.00,246,291
62ffb27c5af15e278172ca80,Максим,Мухин,,Суперлига — Премьер-Лига,Маяк,6,0,1,0,0,0,0,0,0,,,3.00,0.50,134,291
6432471511e3506c846c2ae0,Леонид,Осокин,,Суперлига — Премьер-Лига,Маяк,0,0,0,0,0,0,0,0,0,,,0.00,0.00,254,291
62ffae3d5af15e278172821b,Василий,Пацевич,,Суперлига — Премьер-Лига,Маяк,7,0,0,0,1,0,0,0,0,,,0.00,0.00,256,291
62fe451c60710a0b7a96de7c,Евгений,Пилипенко,,Суперлига — Премьер-Лига,Маяк,2,0,0,0,0,0,0,0,0,,,0.00,0.00,260,291
62ff64d45af15e27816dad2a,Алексей,Поматилов,,Суперлига — Премьер-Лига,Маяк,11,0,0,0,1,0,0,0,0,,,0.00,0.00,262,291
62ffaef15af15e27817289c0,Никита,Попов,,Суперлига — Премьер-Лига,Маяк,10,2,1,1,1,0,0,0,0,,,8.00,0.80,71,291
66c0b0cc942766cff63bc75e,Кирилл,Пудов,,Суперлига — Премьер-Лига,Маяк,0,0,0,0,0,0,0,0,0,,,0.00,0.00,264,291
62fe57b534134c11a93ca2a5,Владимир,Рудометов,,Суперлига — Премьер-Лига,Маяк,1,0,0,1,0,0,0,0,0,,,1.00,1.00,174,291
62ffa1b95af15e278171c482,Евгений,Смирнов,,Суперлига — Премьер-Лига,Маяк,9,3,4,1,1,0,1,1,0,3,,19.00,2.11,26,291
63f4f8faf64d54b8fe6c0184,Даниил,Трофимов,,Суперлига — Премьер-Лига,Маяк,7,0,1,0,0,0,0,0,0,,,3.00,0.43,142,291
637c86ea0e28ed18cdea5efa,Алексей,Широких,,Суперлига — Премьер-Лига,Маяк,5,1,0,0,1,0,0,0,0,,,2.00,0.40,161,291
68dfb005cd013b766a9bea28,Ильхам,Яруллин,,Суперлига — Премьер-Лига,Маяк,3,0,0,1,0,0,1,1,1,1,,1.00,0.33,178,291
660becc7af6402bca1eef2cd,Антон,Анфилатов,,Суперлига — Премьер-Лига,Напролом,4,0,0,0,0,0,1,0,1,8,,0.00,0.00,180,291
645be3b67eb9724ce3bab3ce,Виктор,Арсеньев,,Суперлига — Премьер-Лига,Напролом,2,0,0,0,0,0,0,0,0,,,0.00,0.00,183,291
66d18e8e56b2b9f02c584157,Роман,Ахметянов,,Суперлига — Премьер-Лига,Напролом,11,1,4,0,1,0,1,0,1,8,,14.00,1.27,41,291
62ff75545af15e27816ed193,Дмитрий,Бабусенко,,Суперлига — Премьер-Лига,Напролом,2,0,1,0,0,0,0,0,0,,,3.00,1.50,117,291
62feb10a9c26801f955f71e3,Алексей,Васильев,,Суперлига — Премьер-Лига,Напролом,3,0,0,0,0,0,2,0,2,13,,0.00,0.00,192,291
62fe33c9b0a83c2d7154fae3,Андрей,Зезюлькин,,Суперлига — Премьер-Лига,Напролом,7,0,0,2,0,0,1,0,0,8,,2.00,0.29,149,291
65a2e9815db67ac847341d88,Илья,Кирсанов,,Суперлига — Премьер-Лига,Напролом,3,1,1,1,0,0,0,0,0,,,6.00,2.00,86,291
62fe72e3ba2fdf174bb77963,Андрей,Козлюк,,Суперлига — Премьер-Лига,Напролом,10,2,1,3,3,0,2,0,1,13,,10.00,1.00,59,291
6a1afbe99364361abafb730a,Александр,Крединс,,Суперлига — Премьер-Лига,Напролом,3,0,0,0,1,0,0,0,0,,,0.00,0.00,227,291
67f6c723fff1191a03fbd994,Илья,Лекомцев,,Суперлига — Премьер-Лига,Напролом,0,0,0,0,0,0,0,0,0,,,0.00,0.00,233,291
62ff97a35af15e27817118ff,Максим,Луговский,,Суперлига — Премьер-Лига,Напролом,4,0,0,0,0,0,0,0,0,,,0.00,0.00,235,291
62ffac215af15e278172623b,Павел,Малахов,,Суперлига — Премьер-Лига,Напролом,9,2,0,1,1,0,0,0,0,,,5.00,0.56,100,291
632393f61ee2327f68624f92,Марат,Мамлеев,,Суперлига — Премьер-Лига,Напролом,9,2,2,1,2,0,2,0,2,13,,11.00,1.22,55,291
62ff967f5af15e2781710805,Данил,Муратов,,Суперлига — Премьер-Лига,Напролом,3,0,0,0,0,0,1,0,0,5,,0.00,0.00,248,291
6323880d1ee2327f6861eb83,Виталий,Немеров,,Суперлига — Премьер-Лига,Напролом,6,0,0,1,1,0,1,0,1,5,,1.00,0.17,172,291
6613c1066dabba0702d62f2a,Никита,Охтин,,Суперлига — Премьер-Лига,Напролом,9,0,0,0,0,0,0,0,0,,,0.00,0.00,255,291
62fe49f760710a0b7a970f29,Дмитрий,Подгайный,,Суперлига — Премьер-Лига,Напролом,6,0,0,0,2,1,0,0,0,,,0.00,0.00,261,291
62feabc19c26801f955f3e19,Никита,Ромашенко,,Суперлига — Премьер-Лига,Напролом,7,2,6,2,1,0,0,0,0,,,24.00,3.43,18,291
6323841d1ee2327f6861cb29,Максим,Семенов,,Суперлига — Премьер-Лига,Напролом,8,0,0,0,0,0,2,0,2,13,,0.00,0.00,269,291
62ff9bc95af15e27817163ce,Дмитрий,Скороспелов,,Суперлига — Премьер-Лига,Напролом,8,0,0,0,3,0,1,0,1,5,,0.00,0.00,271,291
62ff902b5af15e278170a487,Илья,Смирнов,,Суперлига — Премьер-Лига,Напролом,6,0,0,0,1,0,2,0,2,13,,0.00,0.00,272,291
62ffb9acaa8c2e49e5f7ea91,Антон,Соболев,,Суперлига — Премьер-Лига,Напролом,8,0,1,0,1,0,1,0,1,11,,3.00,0.38,138,291
62ffa3d85af15e278171e9a2,Дмитрий,Стареньков,,Суперлига — Премьер-Лига,Напролом,7,0,1,0,2,0,1,0,1,5,,3.00,0.43,140,291
63238ae51ee2327f686202a0,Константин,Тюрнёв,,Суперлига — Премьер-Лига,Напролом,9,0,0,1,0,0,0,0,0,,,1.00,0.11,176,291
660c00fb9081c8bcee8dfc74,Данила,Щеглов,,Суперлига — Премьер-Лига,Напролом,7,0,2,2,1,0,1,0,1,5,,8.00,1.14,73,291
68aad5351b543207eb0fb113,Умахан,Абдулаев,,Суперлига — Премьер-Лига,Невский СЦ МЧС России,11,0,2,0,0,0,0,0,0,,,6.00,0.55,80,291
648ee6b643ddd558339a7b44,Евгений,Базылев,,Суперлига — Премьер-Лига,Невский СЦ МЧС России,3,0,0,0,0,0,0,0,0,,,0.00,0.00,188,291
64576befa41cec0e0d266647,Александр,Бурмагин,,Суперлига — Премьер-Лига,Невский СЦ МЧС России,8,0,1,0,1,0,0,0,0,,,3.00,0.38,119,291
69d1969ee9403d06875ed2d3,Никита,Васильков,,Суперлига — Премьер-Лига,Невский СЦ МЧС России,10,0,2,0,0,0,0,0,0,,,6.00,0.60,84,291
62ffbb23aa8c2e49e5f804fb,Александр,Воронин,,Суперлига — Премьер-Лига,Невский СЦ МЧС России,9,0,0,1,1,0,0,0,0,,,1.00,0.11,167,291
62ff8b3d5af15e2781705249,Никита,Глазков,,Суперлига — Премьер-Лига,Невский СЦ МЧС России,6,0,1,0,0,0,1,0,1,8,,3.00,0.50,123,291
64f0fe9759406568022e9344,Артем,Данилов,,Суперлига — Премьер-Лига,Невский СЦ МЧС России,6,0,1,0,0,0,0,0,0,,,3.00,0.50,125,291
62ff70825af15e27816e6477,Роман,Ефремов,,Суперлига — Премьер-Лига,Невский СЦ МЧС России,8,0,2,1,0,0,0,0,0,,,7.00,0.88,74,291
62ffbcaaaa8c2e49e5f82156,Максим,Заньков,,Суперлига — Премьер-Лига,Невский СЦ МЧС России,7,0,0,1,0,0,0,0,0,,,1.00,0.14,168,291
67518dc184a335ef54637caa,Никита,Ивлев,,Суперлига — Премьер-Лига,Невский СЦ МЧС России,11,2,4,0,2,0,0,0,0,,,16.00,1.45,33,291
69d196ffe9403d06875ed313,Артём,Кадыков,,Суперлига — Премьер-Лига,Невский СЦ МЧС России,6,0,0,0,0,0,0,0,0,,,0.00,0.00,216,291
62ffbb60aa8c2e49e5f80853,Александр,Коротков,,Суперлига — Премьер-Лига,Невский СЦ МЧС России,1,1,1,1,0,0,0,0,0,,,6.00,6.00,87,291
62fe9829375a1c1d6366ddb9,Андрей,Косенков,,Суперлига — Премьер-Лига,Невский СЦ МЧС России,4,0,0,0,0,0,0,0,0,,,0.00,0.00,226,291
62fea5799c26801f955ef69b,Артем,Котов,,Суперлига — Премьер-Лига,Невский СЦ МЧС России,9,1,0,0,1,0,0,0,0,,,2.00,0.22,152,291
62ffa2655af15e278171d2cb,Дмитрий,Литвиненко,,Суперлига — Премьер-Лига,Невский СЦ МЧС России,11,2,0,0,1,0,0,0,0,,,4.00,0.36,109,291
64576c51a41cec0e0d266b40,Кирилл,Луговской,,Суперлига — Премьер-Лига,Невский СЦ МЧС России,9,4,2,3,1,0,0,0,0,,,17.00,1.89,31,291
62ff531a4e0d681d80aa8ab6,Алексей,Поляков,,Суперлига — Премьер-Лига,Невский СЦ МЧС России,9,0,1,0,1,0,0,0,0,,,3.00,0.33,136,291
643fe49da4d4344615be7285,Кирилл,Попов,,Суперлига — Премьер-Лига,Невский СЦ МЧС России,2,0,0,0,1,0,0,0,0,,,0.00,0.00,263,291
66c616c698ede4ecfb8707d3,Дмитрий,Рогачев,,Суперлига — Премьер-Лига,Невский СЦ МЧС России,7,1,0,3,1,0,0,0,0,,,5.00,0.71,102,291
69f37d504d1c3fc5b948d7dc,Семен,Соколов,,Суперлига — Премьер-Лига,Невский СЦ МЧС России,2,0,0,0,0,0,0,0,0,,,0.00,0.00,273,291
679c90d7e6073c872693f295,Хаям,Стрельчук,,Суперлига — Премьер-Лига,Невский СЦ МЧС России,1,0,0,0,0,0,1,0,0,2,,0.00,0.00,274,291
6a1afd1bd875711a41ec899e,Александр,Суслин,,Суперлига — Премьер-Лига,Невский СЦ МЧС России,0,0,0,0,0,0,0,0,0,,,0.00,0.00,276,291
62ff53b14e0d681d80aa9222,Игорь,Фомичев,,Суперлига — Премьер-Лига,Невский СЦ МЧС России,2,0,0,0,0,0,0,0,0,,,0.00,0.00,284,291
64f837d90488ef6bfe6fc871,Валерий,Хрычев,,Суперлига — Премьер-Лига,Невский СЦ МЧС России,5,0,0,0,0,0,0,0,0,,,0.00,0.00,286,291
64576ccea41cec0e0d26743a,Максим,Щуров,,Суперлига — Премьер-Лига,Невский СЦ МЧС России,5,0,0,0,0,0,0,0,0,,,0.00,0.00,289,291
63238a981ee2327f6862004c,Даниил,Андреев,,Суперлига — Премьер-Лига,Россион,11,0,2,0,0,0,0,0,0,,,6.00,0.55,81,291
62ff94bc5af15e278170ec7b,Александр,Борисов,,Суперлига — Премьер-Лига,Россион,12,1,2,0,1,0,1,0,1,4,,8.00,0.67,66,291
62ff79b85af15e27816f1e5c,Роман,Галстян,,Суперлига — Премьер-Лига,Россион,7,0,1,1,1,0,1,0,1,4,,4.00,0.57,107,291
62fea9269c26801f955f22f1,Станислав,Горбатенко,,Суперлига — Премьер-Лига,Россион,3,0,0,0,1,0,0,0,0,,,0.00,0.00,196,291
62ff8dd25af15e278170826a,Всеволод,Гуленков,,Суперлига — Премьер-Лига,Россион,7,1,0,1,1,0,0,0,0,,,3.00,0.43,124,291
62ff9ab15af15e27817150df,Александр,Давыденко,,Суперлига — Премьер-Лига,Россион,10,0,0,0,1,0,0,0,0,,,0.00,0.00,197,291
637c86c40e28ed18cdea5db1,Андрей,Дроздов,,Суперлига — Премьер-Лига,Россион,9,0,0,0,0,0,1,0,1,4,,0.00,0.00,200,291
67cb48e554cd547f779cb478,Никита,Ермоленко,,Суперлига — Премьер-Лига,Россион,0,0,0,0,0,0,0,0,0,,,0.00,0.00,207,291
66adf9534dfb9c59e60c189d,Денис,Захаров,,Суперлига — Премьер-Лига,Россион,9,5,5,3,0,0,0,0,0,,,28.00,3.11,13,291
62ff9dc05af15e2781717f87,Никита,Колдунов,,Суперлига — Премьер-Лига,Россион,0,0,0,0,0,0,0,0,0,,,0.00,0.00,223,291
62ff8ff05af15e278170a2d6,Дмитрий,Кудрявцев,,Суперлига — Премьер-Лига,Россион,3,0,0,0,0,0,0,0,0,,,0.00,0.00,228,291
62ff570a4e0d681d80aac4e3,Дмитрий,Кушнир,,Суперлига — Премьер-Лига,Россион,5,0,1,0,0,0,0,0,0,,,3.00,0.60,130,291
62ff4d794e0d681d80aa2ecd,Иван,Лизунов,,Суперлига — Премьер-Лига,Россион,4,2,4,0,0,0,0,0,0,,,16.00,4.00,36,291
6514301fa675f44ead334827,Егор,Максимов,,Суперлига — Премьер-Лига,Россион,10,1,0,3,2,0,0,0,0,,,5.00,0.50,99,291
66ffe8dfae4e231522abf52c,Вугар,Мамедов,,Суперлига — Премьер-Лига,Россион,0,0,0,0,0,0,1,0,1,4,,0.00,0.00,238,291
64cc211fbb9afa71da723f3d,Максим,Петров,,Суперлига — Премьер-Лига,Россион,1,0,0,0,1,0,0,0,0,,,0.00,0.00,258,291
62febd94b65897236266f8e1,Баходир,Рахматов,,Суперлига — Премьер-Лига,Россион,12,0,4,0,1,0,1,0,1,4,,12.00,1.00,47,291
688cc423ee774c1000eae12b,Савелий,Сомов,,Суперлига — Премьер-Лига,Россион,3,0,1,0,0,0,0,0,0,,,3.00,1.00,139,291
6666ed73c1f1600a242df234,Билол,Сулейманов,,Суперлига — Премьер-Лига,Россион,7,1,1,1,2,0,0,0,0,,,6.00,0.86,89,291
62ff9f355af15e2781719a50,Кирилл,Тамбовцев,,Суперлига — Премьер-Лига,Россион,3,0,0,0,1,0,1,1,0,0,,0.00,0.00,277,291
67f54e410e5f46a5bf31fe92,Максим,Тарабукин,,Суперлига — Премьер-Лига,Россион,1,0,0,0,0,0,0,0,0,,,0.00,0.00,278,291
632395ae1ee2327f68625e50,Андрей,Уланов,,Суперлига — Премьер-Лига,Россион,4,0,1,1,1,0,1,0,0,4,,4.00,1.00,116,291
62fe3de960710a0b7a96978e,Сергей,Федоров,,Суперлига — Премьер-Лига,Россион,8,0,2,1,1,0,1,0,1,4,,7.00,0.88,78,291
62ffafa35af15e27817296d7,Даниил,Щечилин,,Суперлига — Премьер-Лига,Россион,12,1,3,1,1,0,0,0,0,,,12.00,1.00,50,291
62ffbb3aaa8c2e49e5f80635,Даниил,Ашастин,,Суперлига — Премьер-Лига,СТМ-фасад,0,0,0,0,0,0,0,0,0,,,0.00,0.00,187,291
66ffb7c1ae4e231522ab54b5,Андрей,Бондаренко,,Суперлига — Премьер-Лига,СТМ-фасад,9,0,0,1,2,0,1,0,0,2,,1.00,0.11,164,291
62fea3f99c26801f955ee9a3,Сергей,Васильев,,Суперлига — Премьер-Лига,СТМ-фасад,0,0,0,0,0,0,0,0,0,,,0.00,0.00,193,291
62ff98e55af15e2781712fed,Александр,Величкин,,Суперлига — Премьер-Лига,СТМ-фасад,8,0,1,1,0,0,2,0,0,4,,4.00,0.50,105,291
66ffb7c1ae4e231522ab54b7,Артём,Верховцев,,Суперлига — Премьер-Лига,СТМ-фасад,10,0,1,6,0,0,2,0,0,4,,9.00,0.90,64,291
66365cbfd2dbc34c0fe1cc4e,Роман,Дударев,,Суперлига — Премьер-Лига,СТМ-фасад,12,1,4,2,0,0,0,0,0,,,16.00,1.33,32,291
688cc8e1179c910fe0aa9a7f,Кирилл,Ивлев,,Суперлига — Премьер-Лига,СТМ-фасад,5,0,3,2,0,0,0,0,0,,,11.00,2.20,53,291
632396201ee2327f686261cd,Леонид,Ионкин,,Суперлига — Премьер-Лига,СТМ-фасад,12,0,0,0,1,0,1,0,1,2,,0.00,0.00,215,291
62ffbaeeaa8c2e49e5f8023b,Руслан,Катуков,,Суперлига — Премьер-Лига,СТМ-фасад,0,0,0,0,0,0,0,0,0,,,0.00,0.00,218,291
6932c9977ab897076cf75342,Дмитрий,Коломийцев,,Суперлига — Премьер-Лига,СТМ-фасад,12,3,13,4,1,0,0,0,0,,,49.00,4.08,1,291
62fe543834134c11a93c85b1,Валерий,Корнилов,,Суперлига — Премьер-Лига,СТМ-фасад,8,1,0,0,0,0,2,0,2,4,,2.00,0.25,151,291
698f339a4d0e70b087cf7d0b,Андрей,Крысько,,Суперлига — Премьер-Лига,СТМ-фасад,9,0,5,1,0,0,0,0,0,,,16.00,1.78,35,291
62ffbaf1aa8c2e49e5f80248,Максим,Кузьмин,,Суперлига — Премьер-Лига,СТМ-фасад,0,0,0,0,0,0,0,0,0,,,0.00,0.00,231,291
62ff906e5af15e278170a6b5,Сергей,Куль,,Суперлига — Премьер-Лига,СТМ-фасад,2,0,0,0,0,0,0,0,0,,,0.00,0.00,232,291
62ff6ea45af15e27816e47a4,Яков,Лесин,,Суперлига — Премьер-Лига,СТМ-фасад,0,0,0,0,0,0,0,0,0,,,0.00,0.00,234,291
64cce60fbb9afa71da751203,Евгений,Матчак,,Суперлига — Премьер-Лига,СТМ-фасад,9,1,3,1,0,0,2,0,0,4,,12.00,1.33,45,291
63239b681ee2327f68628e6a,Владислав,Муравьев,,Суперлига — Премьер-Лига,СТМ-фасад,3,0,0,0,0,0,2,0,2,4,,0.00,0.00,247,291
632393d11ee2327f68624e2b,Денис,Назаров,,Суперлига — Премьер-Лига,СТМ-фасад,0,0,0,0,0,0,0,0,0,,,0.00,0.00,249,291
62ffb9b1aa8c2e49e5f7eac5,Олег,Николаев,,Суперлига — Премьер-Лига,СТМ-фасад,10,0,1,1,2,0,2,0,0,4,,4.00,0.40,110,291
62fe98cf375a1c1d6366e1b2,Валерий,Прокопов,,Суперлига — Премьер-Лига,СТМ-фасад,10,3,3,1,3,0,1,0,1,2,,16.00,1.60,38,291
6323902b1ee2327f68622f33,Андрей,Рыбачук,,Суперлига — Премьер-Лига,СТМ-фасад,8,1,1,2,1,0,0,0,0,,,7.00,0.88,76,291
62fe543a34134c11a93c85ba,Юрий,Сайфетдинов,,Суперлига — Премьер-Лига,СТМ-фасад,12,0,4,0,0,0,2,0,2,4,,12.00,1.00,48,291
62fe7539ba2fdf174bb796cd,Олег,Ткаченко,,Суперлига — Премьер-Лига,СТМ-фасад,9,1,0,0,2,1,2,0,2,4,,2.00,0.22,158,291
62fe40a760710a0b7a96b347,Роман,Холзаков,,Суперлига — Премьер-Лига,СТМ-фасад,1,0,0,0,0,0,0,0,0,,,0.00,0.00,285,291
62ff8ac75af15e2781704b0f,Владимир,Ястимов,,Суперлига — Премьер-Лига,СТМ-фасад,9,1,1,2,7,0,0,0,0,,,7.00,0.78,79,291
62ff7d425af15e27816f62bc,Бакдаулет,Абдукаримов,,Суперлига — Премьер-Лига,Эйваз,4,0,0,0,2,0,0,0,0,,,0.00,0.00,179,291
62ff6c145af15e27816e2360,Роман,Алексеев,,Суперлига — Премьер-Лига,Эйваз,8,0,2,3,1,0,0,0,0,,,9.00,1.13,63,291
62ff60fce5e9182394332d63,Владимир,Андрейчиков,,Суперлига — Премьер-Лига,Эйваз,11,1,8,8,0,0,0,0,0,,,34.00,3.09,8,291
673707c26060acdd39a19087,Давлатали,Бехрузи,,Суперлига — Премьер-Лига,Эйваз,7,1,5,3,2,0,0,0,0,,,20.00,2.86,22,291
63238ebd1ee2327f68622361,Вячеслав,Бондар,,Суперлига — Премьер-Лига,Эйваз,8,0,0,0,0,0,1,0,1,11,,0.00,0.00,190,291
66192cdea120d8b6f79c5dc2,Даниил,Волченков,,Суперлига — Премьер-Лига,Эйваз,11,0,1,2,2,0,0,0,0,,,5.00,0.45,95,291
62ff8ab45af15e2781704a13,Евгений,Гаврилов,,Суперлига — Премьер-Лига,Эйваз,9,0,8,4,1,1,1,1,0,3,,28.00,3.11,12,291
65536556b8a8bbac06d969b0,Евгений,Дорошенко,,Суперлига — Премьер-Лига,Эйваз,6,0,1,0,1,0,0,0,0,,,3.00,0.50,126,291
62fe578334134c11a93ca148,Михаил,Дубровин,,Суперлига — Премьер-Лига,Эйваз,0,0,0,0,0,0,0,0,0,,,0.00,0.00,202,291
62ff6050e5e9182394331fcc,Богдан,Жбанов,,Суперлига — Премьер-Лига,Эйваз,10,5,8,7,0,0,0,0,0,,,41.00,4.10,4,291
62ff64bf5af15e27816dac3a,Константин,Кошелюк,,Суперлига — Премьер-Лига,Эйваз,9,0,2,0,1,0,0,0,0,,,6.00,0.67,88,291
64383c009fc16908a5fd4289,Даниил,Ломейко,,Суперлига — Премьер-Лига,Эйваз,10,3,7,1,2,0,0,0,0,,,28.00,2.80,14,291
62ff8e685af15e2781708ab8,Армен,Межлумян,,Суперлига — Премьер-Лига,Эйваз,2,0,0,0,0,0,0,0,0,,,0.00,0.00,240,291
62ff842b5af15e27816fd0bf,Александр,Митрофанов,,Суперлига — Премьер-Лига,Эйваз,9,0,0,0,1,0,0,0,0,,,0.00,0.00,243,291
6a1b0267d875711a41ec948c,Денис,Назаров,,Суперлига — Премьер-Лига,Эйваз,3,0,0,1,0,0,0,0,0,,,1.00,0.33,171,291
62ffa9625af15e2781723520,Сергей,Никулин,,Суперлига — Премьер-Лига,Эйваз,2,0,0,0,0,0,2,1,2,6,,0.00,0.00,250,291
64383c009fc16908a5fd4291,Артем,Осадчий,,Суперлига — Премьер-Лига,Эйваз,6,0,1,0,0,0,0,0,0,,,3.00,0.50,135,291
62fe5df734134c11a93cdee2,Александр,Осипов,,Суперлига — Премьер-Лига,Эйваз,0,0,0,0,0,0,0,0,0,,,0.00,0.00,253,291
62ff91155af15e278170ae04,Ризван,Расулов,,Суперлига — Премьер-Лига,Эйваз,0,0,0,0,0,0,0,0,0,,,0.00,0.00,266,291
62ffaca55af15e278172678d,Эдуард,Сазонов,,Суперлига — Премьер-Лига,Эйваз,0,0,0,0,0,0,0,0,0,,,0.00,0.00,267,291
66e2ab7c2d371a6881601739,Георгий,Синюков,,Суперлига — Премьер-Лига,Эйваз,10,0,1,1,1,0,0,0,0,,,4.00,0.40,113,291
62ff86985af15e27816ffdb7,Георгий,Шаров,,Суперлига — Премьер-Лига,Эйваз,12,1,0,0,0,0,0,0,0,,,2.00,0.17,160,291
62ff50274e0d681d80aa5139,Игорь,Афанасьев,,Суперлига — Премьер-Лига,Юниор,0,0,0,0,0,0,0,0,0,,,0.00,0.00,185,291
62feb563b65897236266a5b5,Иван,Бекурин,,Суперлига — Премьер-Лига,Юниор,9,0,5,3,0,0,0,0,0,,,18.00,2.00,27,291
643a8ccc95617d334d7b368b,Ефрем,Вартанян,,Суперлига — Премьер-Лига,Юниор,0,0,0,0,0,0,0,0,0,,,0.00,0.00,191,291
62ff9ff75af15e278171a574,Руслан,Гаджиев,,Суперлига — Премьер-Лига,Юниор,10,2,3,5,3,0,0,0,0,,,18.00,1.80,28,291
62ff3fa4796bcd18bd2112a1,Сергей,Галушин,,Суперлига — Премьер-Лига,Юниор,9,0,0,2,1,0,0,0,0,,,2.00,0.22,147,291
62fe59bd34134c11a93cb51c,Михаил,Данилов,,Суперлига — Премьер-Лига,Юниор,10,0,6,5,0,0,0,0,0,,,23.00,2.30,19,291
64f0ef8d59406568022e0b75,Адамс,Джозеф,,Суперлига — Премьер-Лига,Юниор,10,0,4,2,1,0,0,0,0,,,14.00,1.40,43,291
62ff84565af15e27816fd2ce,Алексей,Дугнист,,Суперлига — Премьер-Лига,Юниор,4,0,0,0,1,0,1,1,1,3,,0.00,0.00,203,291
6482e9cfe2c0d707ba9c0b72,Дмитрий,Иванов,,Суперлига — Премьер-Лига,Юниор,0,0,0,0,0,0,1,1,1,1,,0.00,0.00,213,291
632398f51ee2327f68627988,Илларион,Илларионов,,Суперлига — Премьер-Лига,Юниор,1,0,0,0,1,0,0,0,0,,,0.00,0.00,214,291
62ffa2e55af15e278171dd47,Азиз,Камара,,Суперлига — Премьер-Лига,Юниор,10,0,4,4,1,0,1,1,1,1,,16.00,1.60,34,291
62ff9d8d5af15e2781717cd8,Максим,Кармазин,,Суперлига — Премьер-Лига,Юниор,11,1,1,0,0,0,1,0,1,2,,5.00,0.45,98,291
6399a1ad2839583707a4e8d6,Антон,Кобяцкий,,Суперлига — Премьер-Лига,Юниор,1,0,0,0,0,0,1,1,0,1,,0.00,0.00,219,291
62ff422da2d7241a652608b7,Давид,Колбаия,,Суперлига — Премьер-Лига,Юниор,7,1,4,4,0,1,2,1,1,3,,18.00,2.57,29,291
6653b3ab0b820876d9e5a601,Даниил,Кривцов,,Суперлига — Премьер-Лига,Юниор,9,3,7,0,0,0,2,2,0,0,,27.00,3.00,15,291
62ff53604e0d681d80aa8e21,Павел,Лысенков,,Суперлига — Премьер-Лига,Юниор,4,1,5,2,0,0,1,0,1,4,,19.00,4.75,25,291
6a1b03bf780a701b81cc492c,Константин,Мещанинов,,Суперлига — Премьер-Лига,Юниор,1,0,0,0,0,0,0,0,0,,,0.00,0.00,241,291
64314a8df7804736495e0bda,Кирилл,Пушкин,,Суперлига — Премьер-Лига,Юниор,6,0,2,1,0,0,0,0,0,,,7.00,1.17,75,291
62ff532a4e0d681d80aa8b2d,Артём,Смирнов,,Суперлига — Премьер-Лига,Юниор,10,2,14,2,0,0,1,1,0,3,,48.00,4.80,2,291
62ffb28d5af15e278172cb4a,Никита,Смирнов,,Суперлига — Премьер-Лига,Юниор,3,0,0,2,0,0,0,0,0,,,2.00,0.67,156,291
69d1532ded166a068c2f7c41,Константин,Ульянов,,Суперлига — Премьер-Лига,Юниор,1,0,0,0,0,0,0,0,0,,,0.00,0.00,280,291
65d8e22a744a87d7de1d9d4c,Александр,Усанов,,Суперлига — Премьер-Лига,Юниор,11,0,2,1,0,0,0,0,0,,,7.00,0.64,77,291
688d1755179c910fe0ab31da,Роман,Ананьев,defensive_midfielder,Суперлига — Суперлига,Арктик,1,0,0,0,0,0,1,0,1,1,4,5.00,5.00,157,325
632393131ee2327f68624765,Александр,Бирюков,forward,Суперлига — Суперлига,Арктик,8,1,5,2,1,0,2,1,1,2,,24.00,3.00,28,325
62fea1fb9c26801f955ed565,Виталий,Бровчук,defender,Суперлига — Суперлига,Арктик,9,0,0,0,1,0,2,1,1,2,12,14.00,1.56,69,325
62fe5c3f34134c11a93cd25d,Илья,Ваганов,defender,Суперлига — Суперлига,Арктик,10,2,1,2,1,0,1,1,1,1,6,17.00,1.70,51,325
62fe3b8060710a0b7a96827e,Дмитрий,Дробыш,forward,Суперлига — Суперлига,Арктик,7,2,5,3,0,0,0,0,0,,,26.00,3.71,23,325
62ff40f5796bcd18bd21276a,Александр,Евстафьев,forward,Суперлига — Суперлига,Арктик,2,0,0,1,1,0,0,0,0,,,3.00,1.50,195,325
62ff69a45af15e27816df427,Дмитрий,Зуев,defensive_midfielder,Суперлига — Суперлига,Арктик,2,0,0,0,1,0,0,0,0,,0,0.00,0.00,256,325
696abae8ca72060a93753261,Андрей,Иванов,defender,Суперлига — Суперлига,Арктик,5,1,2,0,0,0,0,0,0,,0,3.00,0.60,197,325
632394531ee2327f6862526e,Павел,Игнатович,forward,Суперлига — Суперлига,Арктик,6,1,2,1,2,0,1,0,1,1,,11.00,1.83,90,325
65aabf064deae5102bfaa6fc,Алексей,Ионов,forward,Суперлига — Суперлига,Арктик,1,0,0,0,0,0,0,0,0,,,0.00,0.00,258,325
62ff9e395af15e27817186c1,Александр,Киров,defender,Суперлига — Суперлига,Арктик,3,0,0,0,0,0,1,0,1,1,6,7.00,2.33,131,325
69d040652a91fb06a9f2de2a,Никита,Ковальков,goalkeeper,Суперлига — Суперлига,Арктик,3,0,0,0,0,0,0,0,0,,0,0.00,0.00,265,325
6738b34d6060acdd39a54bf6,Константин,Котов,defensive_midfielder,Суперлига — Суперлига,Арктик,11,0,1,1,3,0,2,1,2,2,8,16.00,1.45,56,325
62ff941b5af15e278170e524,Евгений,Матрахов,defensive_midfielder,Суперлига — Суперлига,Арктик,7,0,1,0,1,0,1,0,0,1,4,6.00,0.86,149,325
62ffbb0eaa8c2e49e5f803ba,Дмитрий,Миронов,attacking_midfielder,Суперлига — Суперлига,Арктик,10,0,2,3,0,0,2,1,1,2,6,21.00,2.10,33,325
62ffacce5af15e278172698c,Владимир,Мухин,goalkeeper,Суперлига — Суперлига,Арктик,6,0,0,0,2,0,2,1,2,2,12,16.00,2.67,57,325
65169ee2a675f44ead4314cf,Кирилл,Рогов,goalkeeper,Суперлига — Суперлига,Арктик,10,1,0,0,0,0,2,1,0,2,12,15.00,1.50,66,325
62ffb878aa8c2e49e5f7d759,Максим,Сергеев,attacking_midfielder,Суперлига — Суперлига,Арктик,10,0,2,1,3,1,0,0,0,,0,7.00,0.70,136,325
62ff91c75af15e278170bba8,Игорь,Смирнов,defender,Суперлига — Суперлига,Арктик,6,0,0,0,2,0,0,0,0,,0,0.00,0.00,308,325
645e1d92f0d92d249e11e43d,Роман,Смирнов,defender,Суперлига — Суперлига,Арктик,8,0,1,1,1,0,0,0,0,,0,4.00,0.50,182,325
62ff8afa5af15e2781704e00,Дмитрий,Суконкин,attacking_midfielder,Суперлига — Суперлига,Арктик,11,0,1,2,2,0,2,1,2,2,6,17.00,1.55,52,325
62ff83d95af15e27816fcd33,Артем,Сёмка,forward,Суперлига — Суперлига,Арктик,9,2,5,4,1,0,2,1,2,2,,32.00,3.56,14,325
62ff74de5af15e27816ec9a3,Павел,Тахистов,defensive_midfielder,Суперлига — Суперлига,Арктик,7,0,0,0,0,0,2,1,0,2,8,9.00,1.29,114,325
62ff691b5af15e27816dec4f,Лев,Титов,defender,Суперлига — Суперлига,Арктик,10,1,1,1,1,0,2,1,0,2,12,18.00,1.80,47,325
62ff817e5af15e27816faa9a,Алексей,Шамитов,defender,Суперлига — Суперлига,Арктик,11,0,1,0,0,0,2,1,0,2,12,14.00,1.27,74,325
62ff55b64e0d681d80aab085,Руслан,Алиев,defensive_midfielder,Суперлига — Суперлига,Атлетико-Домбай,8,0,0,0,0,0,1,1,0,0,5,6.00,0.75,139,325
62ff66e05af15e27816dcf07,Джамал,Балагаев,attacking_midfielder,Суперлига — Суперлига,Атлетико-Домбай,10,1,3,0,1,0,1,1,1,0,4,13.00,1.30,76,325
67fad0dffe4cfc86d52eef80,Александр,Белов,defender,Суперлига — Суперлига,Атлетико-Домбай,6,0,0,0,1,1,1,1,0,0,8,9.00,1.50,103,325
6922c5fdb1695d628ae4bc0d,Павел,Бочаров,goalkeeper,Суперлига — Суперлига,Атлетико-Домбай,3,0,0,0,0,0,0,0,0,,0,0.00,0.00,248,325
67fd32fcfe4cfc86d5381c02,Роман,Гнездилов,goalkeeper,Суперлига — Суперлига,Атлетико-Домбай,3,0,0,0,0,0,0,0,0,,0,0.00,0.00,251,325
62fea8c19c26801f955f1fd4,Демид,Голиков,defensive_midfielder,Суперлига — Суперлига,Атлетико-Домбай,7,1,1,0,1,0,0,0,0,,0,3.00,0.43,192,325
65df4e400074b13c29cb6e08,Максим,Грибанов,defender,Суперлига — Суперлига,Атлетико-Домбай,9,1,0,1,5,0,0,0,0,,0,4.00,0.44,174,325
67fad0caf5381486e749eeaa,Тагир,Гуния,goalkeeper,Суперлига — Суперлига,Атлетико-Домбай,8,1,0,0,0,0,1,1,0,0,8,11.00,1.38,88,325
6918f17ab5652d7beb120de2,Данил,Гуринович,attacking_midfielder,Суперлига — Суперлига,Атлетико-Домбай,11,1,2,2,2,0,0,0,0,,0,11.00,1.00,89,325
6619602da120d8b6f79ccc3b,Станислав,Купин,defensive_midfielder,Суперлига — Суперлига,Атлетико-Домбай,1,0,0,0,0,0,1,1,0,0,5,6.00,6.00,146,325
66acdccd9869cf5a9d816dae,Арсен,Магомедов,forward,Суперлига — Суперлига,Атлетико-Домбай,10,0,0,1,0,0,1,1,1,0,,5.00,0.50,168,325
64807505e547de1595f9dfcd,Михаил,Михайлов,attacking_midfielder,Суперлига — Суперлига,Атлетико-Домбай,8,0,0,0,0,0,0,0,0,,0,0.00,0.00,285,325
6431579ff7804736495efd2a,Игорь,Никитин,defensive_midfielder,Суперлига — Суперлига,Атлетико-Домбай,6,0,0,0,1,0,0,0,0,,0,0.00,0.00,288,325
67d44e4926a4b755b9e2a097,Дмитрий,Плахотник,forward,Суперлига — Суперлига,Атлетико-Домбай,5,2,3,0,0,0,0,0,0,,,11.00,2.20,93,325
64f0f03a59406568022e12db,Рамазан,Рамазанов,attacking_midfielder,Суперлига — Суперлига,Атлетико-Домбай,0,0,0,0,0,0,0,0,0,,0,0.00,0.00,298,325
6557cad80f886f05103667cc,Даниэль,Сергеенко,attacking_midfielder,Суперлига — Суперлига,Атлетико-Домбай,11,1,1,0,1,0,0,0,0,,0,3.00,0.27,202,325
62feb2719c26801f955f7fdd,Иван,Сигнев,forward,Суперлига — Суперлига,Атлетико-Домбай,0,0,0,0,0,0,0,0,0,,,0.00,0.00,306,325
6753eb8e84a335ef5465ded7,Роман,Стрелков,attacking_midfielder,Суперлига — Суперлига,Атлетико-Домбай,3,0,0,0,1,0,0,0,0,,0,0.00,0.00,310,325
6988b28aec42650ade076443,Антон,Трофимов,,Суперлига — Суперлига,Атлетико-Домбай,2,0,0,1,0,0,0,0,0,,,1.00,0.50,235,325
62ff8ea15af15e2781708de9,Денис,Черкасов,defender,Суперлига — Суперлига,Атлетико-Домбай,3,0,1,0,1,1,1,1,0,1,6,8.00,2.67,129,325
696244cec8254e0a9a23c589,Александр,Чернышев,defensive_midfielder,Суперлига — Суперлига,Атлетико-Домбай,2,0,0,0,0,0,0,0,0,,0,0.00,0.00,321,325
6739c9f06c77c8271d7791dd,Кирилл,Шведов,defensive_midfielder,Суперлига — Суперлига,Атлетико-Домбай,7,4,5,0,1,0,1,1,1,0,5,21.00,3.00,34,325
68f2580036180c4bfc45a3ec,Лев,Берендеев,forward,Суперлига — Суперлига,БалтСтройИнвест,9,0,5,0,0,0,0,0,0,,,15.00,1.67,60,325
62ff7e855af15e27816f7845,Артем,Валяев,defender,Суперлига — Суперлига,БалтСтройИнвест,7,0,0,1,0,0,0,0,0,,0,3.00,0.43,191,325
6323a0a81ee2327f6862b937,Тимофей,Ефимов,defensive_midfielder,Суперлига — Суперлига,БалтСтройИнвест,8,0,1,0,1,0,0,0,0,,0,2.00,0.25,207,325
6918b5302018a6760e46961b,Иван,Запаранюк,defender,Суперлига — Суперлига,БалтСтройИнвест,10,3,3,0,4,0,0,0,0,,0,6.00,0.60,142,325
6a19d8c14876201a1aa44e92,Владислав,Калиничев,,Суперлига — Суперлига,БалтСтройИнвест,0,0,0,0,0,0,0,0,0,,,0.00,0.00,261,325
62ff8d1f5af15e2781707828,Дмитрий,Каранин,defender,Суперлига — Суперлига,БалтСтройИнвест,4,0,0,0,0,0,1,0,0,2,4,4.00,1.00,177,325
62ffbaeaaa8c2e49e5f8021c,Амир,Каримов,defensive_midfielder,Суперлига — Суперлига,БалтСтройИнвест,4,0,1,0,0,0,0,0,0,,0,2.00,0.50,209,325
643b00f5fc90755fdd5bd8b9,Артём,Круговых,defender,Суперлига — Суперлига,БалтСтройИнвест,9,0,4,1,3,0,1,0,1,2,4,12.00,1.33,82,325
62ff8e2c5af15e278170887b,Никита,Курчанов,defender,Суперлига — Суперлига,БалтСтройИнвест,5,0,0,1,0,0,1,0,1,2,4,8.00,1.60,125,325
683a0e2f77577f99946bdc15,Марат,Кутуев,defensive_midfielder,Суперлига — Суперлига,БалтСтройИнвест,7,0,1,1,0,0,0,0,0,,0,5.00,0.71,166,325
6738b5d46060acdd39a55716,Макар,Мазунин,defensive_midfielder,Суперлига — Суперлига,БалтСтройИнвест,10,2,5,1,2,0,0,0,0,,0,15.00,1.50,63,325
62ff9de15af15e27817181a3,Владислав,Макеев,attacking_midfielder,Суперлига — Суперлига,БалтСтройИнвест,2,0,0,0,0,0,0,0,0,,0,0.00,0.00,279,325
683a0e2f77577f99946bdc13,Алексей,Плотников,defender,Суперлига — Суперлига,БалтСтройИнвест,0,0,0,0,0,0,0,0,0,,0,0.00,0.00,293,325
632383d21ee2327f6861c8f0,Роман,Подлипаев,forward,Суперлига — Суперлига,БалтСтройИнвест,0,0,0,0,0,0,0,0,0,,,0.00,0.00,295,325
62fe553234134c11a93c8bfe,Роман,Понтрягин,forward,Суперлига — Суперлига,БалтСтройИнвест,10,2,5,4,1,0,1,0,1,2,,30.00,3.00,16,325
62ff8fa85af15e2781709b21,Александр,Ревенко,attacking_midfielder,Суперлига — Суперлига,БалтСтройИнвест,2,0,0,0,1,0,1,0,1,3,1,2.00,1.00,214,325
6920b4df4d70db55115ad7b1,Артём,Рудин,attacking_midfielder,Суперлига — Суперлига,БалтСтройИнвест,1,0,0,1,0,0,0,0,0,,0,3.00,3.00,201,325
62ff58c34e0d681d80aaf275,Андрей,Рыньгач,forward,Суперлига — Суперлига,БалтСтройИнвест,7,2,6,5,1,0,1,0,1,2,,36.00,5.14,10,325
62ff58df4e0d681d80aaf436,Антон,Рыньгач,forward,Суперлига — Суперлига,БалтСтройИнвест,6,1,1,1,0,0,0,0,0,,,7.00,1.17,135,325
62ffb8b5aa8c2e49e5f7da4d,Василий,Рясский,attacking_midfielder,Суперлига — Суперлига,БалтСтройИнвест,9,1,3,3,5,0,1,0,0,2,2,18.00,2.00,46,325
62ffa1715af15e278171bfd9,Данил,Субботин,goalkeeper,Суперлига — Суперлига,БалтСтройИнвест,10,0,0,0,2,0,2,2,2,3,10,16.00,1.60,58,325
63ee39ea1f8dfd8f3c35c3e1,Данила,Фролов,defender,Суперлига — Суперлига,БалтСтройИнвест,4,0,1,0,0,0,0,0,0,,0,1.00,0.25,236,325
632395dd1ee2327f68625fe1,Владимир,Агашов,attacking_midfielder,Суперлига — Суперлига,Компенсатор,6,2,3,0,1,0,0,0,0,,0,8.00,1.33,119,325
64ce35d34fa8b9201e525d20,Даниил,Бесолов,defensive_midfielder,Суперлига — Суперлига,Компенсатор,8,0,1,0,1,0,2,2,1,3,7,12.00,1.50,81,325
6442d33adb0d4a2e1388c148,Никита,Богров,defensive_midfielder,Суперлига — Суперлига,Компенсатор,11,0,1,1,0,0,2,2,0,3,7,14.00,1.27,68,325
69d0ba142a91fb06a9f35398,Сергей,Жарков,goalkeeper,Суперлига — Суперлига,Компенсатор,1,0,0,0,0,0,0,0,0,,0,0.00,0.00,255,325
67f8eb76f5381486e7442e72,Александр,Исаков,defensive_midfielder,Суперлига — Суперлига,Компенсатор,9,1,2,1,0,0,2,2,2,3,7,19.00,2.11,39,325
685e7877255db646ea585089,Даниил,Кацельник,defensive_midfielder,Суперлига — Суперлига,Компенсатор,2,0,0,0,0,0,0,0,0,,0,0.00,0.00,263,325
685e7877255db646ea585087,Никита,Кирилюк,defensive_midfielder,Суперлига — Суперлига,Компенсатор,3,0,0,0,1,0,2,2,0,3,7,9.00,3.00,105,325
62ff95155af15e278170eff8,Иван,Комячилов,defender,Суперлига — Суперлига,Компенсатор,11,1,3,0,3,0,2,2,2,3,10,18.00,1.64,44,325
69d0ba142a91fb06a9f35396,Никита,Копылов,defender,Суперлига — Суперлига,Компенсатор,7,0,0,0,0,0,0,0,0,,0,0.00,0.00,268,325
62fe54b134134c11a93c889e,Роман,Литвинюк,defensive_midfielder,Суперлига — Суперлига,Компенсатор,1,0,0,0,0,0,0,0,0,,0,0.00,0.00,275,325
62ff6e645af15e27816e444a,Алексей,Лысов,attacking_midfielder,Суперлига — Суперлига,Компенсатор,5,1,2,0,1,0,0,0,0,,0,5.00,1.00,167,325
661929782538eeb6f692d9a9,Егор,Магазенков,defender,Суперлига — Суперлига,Компенсатор,7,0,0,2,0,0,2,2,1,3,10,19.00,2.71,42,325
62ff40ed796bcd18bd2126f6,Алексей,Марков,defender,Суперлига — Суперлига,Компенсатор,0,0,0,0,0,0,0,0,0,,0,0.00,0.00,281,325
62ff41dc796bcd18bd213772,Антон,Палей,defender,Суперлига — Суперлига,Компенсатор,0,0,0,0,0,0,0,0,0,,0,0.00,0.00,290,325
632395a11ee2327f68625e04,Никита,Посохов,attacking_midfielder,Суперлига — Суперлига,Компенсатор,8,1,3,1,3,0,0,0,0,,0,10.00,1.25,99,325
63239fac1ee2327f6862b1b0,Антон,Рыжов,defensive_midfielder,Суперлига — Суперлига,Компенсатор,1,0,0,0,0,0,0,0,0,,0,0.00,0.00,302,325
6439b09dda107a1e92e48fe8,Максим,Сапожников,forward,Суперлига — Суперлига,Компенсатор,4,0,0,0,0,0,2,2,0,3,,2.00,0.50,215,325
6450e3162966ae024e91d1ce,Владислав,Семенцов,forward,Суперлига — Суперлига,Компенсатор,11,2,8,3,2,0,2,2,2,3,,39.00,3.55,9,325
69d0ba142a91fb06a9f35394,Иван,Смирнов,defender,Суперлига — Суперлига,Компенсатор,6,1,0,1,1,0,0,0,0,,0,4.00,0.67,181,325
63fc750d4d017d3f93a11256,Павел,Трушин,forward,Суперлига — Суперлига,Компенсатор,11,3,4,10,2,0,2,2,2,3,,49.00,4.45,2,325
69d0ba142a91fb06a9f35392,Даниил,Усанов,,Суперлига — Суперлига,Компенсатор,0,0,0,0,0,0,0,0,0,,,0.00,0.00,314,325
667c6f8e623eb98760a4d577,Александр,Хачкинаян,attacking_midfielder,Суперлига — Суперлига,Компенсатор,4,0,2,0,2,0,2,2,2,3,5,13.00,3.25,80,325
62ffac815af15e2781726616,Илья,Шумилов,goalkeeper,Суперлига — Суперлига,Компенсатор,2,0,0,0,0,0,0,0,0,,0,0.00,0.00,323,325
6554d7665547bc15f4226c80,Данила,Эктов,defender,Суперлига — Суперлига,Компенсатор,0,0,0,0,0,0,2,2,2,3,10,14.00,14.00,75,325
67f8eb76f5381486e7442e74,Илья,Ющенко,goalkeeper,Суперлига — Суперлига,Компенсатор,9,0,0,0,1,0,0,0,0,,0,0.00,0.00,324,325
6a19e5d89364361abaf9b2e6,Евгений,Андреев,,Суперлига — Суперлига,Крысиная Нора,1,0,1,0,0,0,0,0,0,,,3.00,3.00,190,325
62ff3eb9796bcd18bd210384,Игорь,Белов,defensive_midfielder,Суперлига — Суперлига,Крысиная Нора,10,0,1,0,1,0,1,0,1,4,1,4.00,0.40,173,325
63577b218f2d8635e1852be9,Кирилл,Боженарь,defensive_midfielder,Суперлига — Суперлига,Крысиная Нора,1,0,0,0,0,0,0,0,0,,0,0.00,0.00,246,325
62ff8f6c5af15e278170976a,Александр,Денисенко,defender,Суперлига — Суперлига,Крысиная Нора,7,0,0,1,0,0,0,0,0,,0,3.00,0.43,194,325
6a19fbdc9364361abafa022b,Артём,Дзюба,forward,Суперлига — Суперлига,Крысиная Нора,1,1,0,3,0,0,0,0,0,,,10.00,10.00,95,325
62fea9869c26801f955f2675,Андрей,Железников,defensive_midfielder,Суперлига — Суперлига,Крысиная Нора,7,0,1,0,2,0,1,0,1,4,1,4.00,0.57,176,325
62ffb97baa8c2e49e5f7e839,Глеб,Комбаров,attacking_midfielder,Суперлига — Суперлига,Крысиная Нора,8,3,7,3,1,0,1,1,0,3,1,28.00,3.50,18,325
62ff97a65af15e278171191f,Станислав,Краснов,defensive_midfielder,Суперлига — Суперлига,Крысиная Нора,7,0,0,0,0,0,0,0,0,,0,0.00,0.00,270,325
65b235d72b61ed5633d5b22c,Алламырат,Курбанов,defender,Суперлига — Суперлига,Крысиная Нора,9,3,3,0,3,0,1,0,1,4,0,7.00,0.78,132,325
62fe5bca34134c11a93ccfdb,Андрей,Лавров,defensive_midfielder,Суперлига — Суперлига,Крысиная Нора,11,0,1,0,3,0,1,0,0,4,1,3.00,0.27,198,325
62ff715d5af15e27816e71f2,Расул,Магомедов,forward,Суперлига — Суперлига,Крысиная Нора,12,2,8,6,2,0,1,0,1,4,,45.00,3.75,3,325
69f2791cb2c23fc612b50c07,Сергей,Маков,defender,Суперлига — Суперлига,Крысиная Нора,5,0,1,0,0,0,0,0,0,,0,1.00,0.20,227,325
6323835f1ee2327f6861c5b0,Кирилл,Мартынов,defender,Суперлига — Суперлига,Крысиная Нора,10,1,0,0,2,0,1,0,0,4,0,1.00,0.10,228,325
67f970faed6bb386d60f526d,Артём,Мингазов,,Суперлига — Суперлига,Крысиная Нора,1,0,0,1,0,0,0,0,0,,,1.00,1.00,229,325
62fea01c9c26801f955ec767,Норик,Оганнисян,defensive_midfielder,Суперлига — Суперлига,Крысиная Нора,5,0,1,0,0,1,0,0,0,,0,2.00,0.40,212,325
62fe410760710a0b7a96b610,Руслан,Пелецкий,goalkeeper,Суперлига — Суперлига,Крысиная Нора,7,0,0,0,0,0,1,0,1,4,0,1.00,0.14,231,325
62fe9f969c26801f955ec277,Андрей,Пендеев,attacking_midfielder,Суперлига — Суперлига,Крысиная Нора,3,0,0,1,0,0,0,0,0,,0,3.00,1.00,200,325
62ff4e1a4e0d681d80aa36a8,Евгений,Пляцко,attacking_midfielder,Суперлига — Суперлига,Крысиная Нора,2,0,0,0,0,0,0,0,0,,0,0.00,0.00,294,325
63239f971ee2327f6862b0fc,Андрей,Рогачёв,forward,Суперлига — Суперлига,Крысиная Нора,0,0,0,0,0,0,0,0,0,,,0.00,0.00,300,325
67445766b2749836b23574bc,Илья,Смирнов,defender,Суперлига — Суперлига,Крысиная Нора,8,0,0,0,0,0,1,0,0,4,0,0.00,0.00,309,325
62ffbc36aa8c2e49e5f819d3,Антон,Соколов,attacking_midfielder,Суперлига — Суперлига,Крысиная Нора,6,0,1,0,0,0,0,0,0,,0,2.00,0.33,217,325
62ff92065af15e278170bf3d,Илья,Суринович,goalkeeper,Суперлига — Суперлига,Крысиная Нора,0,0,0,0,0,0,0,0,0,,0,0.00,0.00,311,325
632397531ee2327f68626b95,Иван,Филатов,goalkeeper,Суперлига — Суперлига,Крысиная Нора,5,0,0,0,0,0,0,0,0,,0,0.00,0.00,316,325
67f994adf5381486e7461011,Кирилл,Фоменко,attacking_midfielder,Суперлига — Суперлига,Крысиная Нора,12,2,5,3,2,0,1,1,0,0,4,26.00,2.17,24,325
62ff958f5af15e278170f5bd,Данил,Чёрный,forward,Суперлига — Суперлига,Крысиная Нора,9,0,9,4,2,0,1,1,0,1,,40.00,4.44,8,325
69d0c432e9403d06875bb9e0,Глеб,Александров,goalkeeper,Суперлига — Суперлига,Любимая Кухня,2,0,0,0,0,0,0,0,0,,0,0.00,0.00,240,325
63239bf31ee2327f6862931c,Владимир,Андреев,goalkeeper,Суперлига — Суперлига,Любимая Кухня,7,0,0,0,0,0,0,0,0,,0,0.00,0.00,241,325
63a02d01bc190c30cc97fa14,Улугбек,Ахмедов,attacking_midfielder,Суперлига — Суперлига,Любимая Кухня,12,0,5,1,0,0,2,2,2,3,5,22.00,1.83,31,325
632387ec1ee2327f6861ea8b,Данила,Багров,forward,Суперлига — Суперлига,Любимая Кухня,10,0,4,4,4,0,2,2,2,3,,28.00,2.80,17,325
6761d71541fb1e0efe561add,Станислав,Балюта,defender,Суперлига — Суперлига,Любимая Кухня,12,1,1,1,1,0,0,0,0,,0,5.00,0.42,158,325
6554c5434e7c49ac7d2b0e63,Руслан,Виноградов,defender,Суперлига — Суперлига,Любимая Кухня,2,0,0,0,0,0,2,2,2,3,10,14.00,7.00,70,325
643aaf3d95617d334d7ba3d5,Александр,Гречко,attacking_midfielder,Суперлига — Суперлига,Любимая Кухня,0,0,0,0,0,0,1,0,1,4,0,1.00,1.00,222,325
62ffbae9aa8c2e49e5f80205,Дмитрий,Гуска,defensive_midfielder,Суперлига — Суперлига,Любимая Кухня,7,1,2,0,1,0,2,1,2,3,7,15.00,2.14,62,325
62ffb3375af15e278172d5fd,Абдуллах,Дадашов,defensive_midfielder,Суперлига — Суперлига,Любимая Кухня,3,0,0,0,0,0,0,0,0,,0,0.00,0.00,253,325
62ff90a75af15e278170a922,Игорь,Иванов,defender,Суперлига — Суперлига,Любимая Кухня,9,0,0,2,1,0,1,1,1,1,6,14.00,1.56,71,325
62ff84205af15e27816fd046,Дмитрий,Кузьмин,goalkeeper,Суперлига — Суперлига,Любимая Кухня,5,0,0,0,0,0,0,0,0,,0,0.00,0.00,272,325
62ffaf845af15e2781729595,Максим,Куликов,forward,Суперлига — Суперлига,Любимая Кухня,9,4,8,1,4,0,2,2,2,3,,35.00,3.89,11,325
62ffac605af15e27817264d7,Альберт,Курбанисмаилов,defensive_midfielder,Суперлига — Суперлига,Любимая Кухня,2,0,0,0,0,0,0,0,0,,0,0.00,0.00,273,325
62ff90085af15e278170a36f,Дмитрий,Макеев,defender,Суперлига — Суперлига,Любимая Кухня,7,0,1,0,3,1,1,1,1,1,6,9.00,1.29,108,325
6323a1fd1ee2327f6862c434,Артем,Микаелян,defensive_midfielder,Суперлига — Суперлига,Любимая Кухня,11,0,0,2,1,0,2,0,1,4,6,13.00,1.18,79,325
62ffb95faa8c2e49e5f7e702,Каромат,Мирзоев,defender,Суперлига — Суперлига,Любимая Кухня,3,0,0,0,0,0,0,0,0,,0,0.00,0.00,283,325
643ad686fc90755fdd5ade18,Максим,Миронов,attacking_midfielder,Суперлига — Суперлига,Любимая Кухня,3,0,0,1,0,0,0,0,0,,0,3.00,1.00,199,325
62ff952a5af15e278170f104,Константин,Михайлов,forward,Суперлига — Суперлига,Любимая Кухня,11,5,13,6,4,1,2,1,1,3,,64.00,5.82,1,325
62ff3fa7796bcd18bd2112ae,Евгений,Неродецкий,attacking_midfielder,Суперлига — Суперлига,Любимая Кухня,5,0,0,2,1,0,2,2,2,3,5,15.00,3.00,64,325
62ff9c2c5af15e2781716941,Александр,Пожарицкий,defensive_midfielder,Суперлига — Суперлига,Любимая Кухня,11,0,1,1,2,0,0,0,0,,0,5.00,0.45,170,325
632392d91ee2327f68624569,Вадим,Смолин,forward,Суперлига — Суперлига,Любимая Кухня,8,0,1,2,4,0,1,0,0,4,,9.00,1.13,111,325
62ffad105af15e2781726cf5,Александр,Соловьев,forward,Суперлига — Суперлига,Любимая Кухня,4,0,2,1,1,1,0,0,0,,,9.00,2.25,112,325
667c76f0623eb98760a4e9dc,Антон,Степанов,defender,Суперлига — Суперлига,Любимая Кухня,2,1,0,0,1,0,2,2,1,3,10,14.00,7.00,73,325
62ffae295af15e278172817d,Кирилл,Чернышев,attacking_midfielder,Суперлига — Суперлига,Любимая Кухня,3,0,0,0,0,0,1,0,0,4,0,0.00,0.00,322,325
69d0ba142a91fb06a9f35390,Владислав,Шихалов,attacking_midfielder,Суперлига — Суперлига,Любимая Кухня,3,0,2,0,0,0,0,0,0,,0,4.00,1.33,189,325
63c3c25c7105781e1ee0b63b,Иван,Андреев,defensive_midfielder,Суперлига — Суперлига,Мансад,1,1,4,0,0,0,0,0,0,,0,9.00,9.00,100,325
62feb587b65897236266a760,Михаил,Бабаян,attacking_midfielder,Суперлига — Суперлига,Мансад,1,0,0,0,0,0,0,0,0,,0,0.00,0.00,243,325
62feb0ec9c26801f955f70be,Максим,Белозёров,defender,Суперлига — Суперлига,Мансад,9,0,0,0,1,0,1,0,1,2,4,5.00,0.56,160,325
62fe9863375a1c1d6366df23,Гегам,Буниатян,forward,Суперлига — Суперлига,Мансад,0,0,0,0,0,0,0,0,0,,,0.00,0.00,249,325
62ff80bd5af15e27816f9b60,Павел,Вишневский,forward,Суперлига — Суперлига,Мансад,10,2,7,0,0,0,1,1,1,3,,25.00,2.50,25,325
64ccd3d1bb9afa71da74a4dd,Игорь,Воробьёв,defender,Суперлига — Суперлига,Мансад,7,1,0,1,1,0,1,0,0,3,2,6.00,0.86,140,325
62ff8ad45af15e2781704bbb,Евгений,Ерошенков,attacking_midfielder,Суперлига — Суперлига,Мансад,7,1,4,2,2,0,1,0,0,3,1,16.00,2.29,55,325
64576c21a41cec0e0d2669b9,Руслан,Ибадуллаев,attacking_midfielder,Суперлига — Суперлига,Мансад,9,0,0,1,0,0,1,0,1,2,2,6.00,0.67,144,325
62ff95345af15e278170f158,Харлампий,Киденко,defender,Суперлига — Суперлига,Мансад,0,0,0,0,0,0,0,0,0,,0,0.00,0.00,264,325
62feba8bb65897236266d78e,Кирилл,Кузнецов,defender,Суперлига — Суперлига,Мансад,4,0,0,0,1,0,2,2,0,0,16,18.00,4.50,45,325
62ff72e25af15e27816e9fe9,Михаил,Мжельский,goalkeeper,Суперлига — Суперлига,Мансад,5,0,0,0,0,0,0,0,0,,0,0.00,0.00,282,325
6323927d1ee2327f68624200,Геворг,Мкртчян,goalkeeper,Суперлига — Суперлига,Мансад,10,0,1,0,0,0,1,1,0,1,6,8.00,0.80,127,325
66196f0c2538eeb6f6938758,Антон,Наволоцкий,defensive_midfielder,Суперлига — Суперлига,Мансад,10,0,1,1,4,0,1,1,1,1,4,11.00,1.10,92,325
63a02e46bc190c30cc980215,Никита,Олишевский,defender,Суперлига — Суперлига,Мансад,8,0,0,0,1,0,0,0,0,,0,0.00,0.00,289,325
64f0e84b59406568022dcafe,Андрей,Пантюхин,defensive_midfielder,Суперлига — Суперлига,Мансад,10,1,1,1,1,0,0,0,0,,0,6.00,0.60,150,325
643abdeacf04e02a13d3eb38,Александр,Петухов,defender,Суперлига — Суперлига,Мансад,1,0,0,0,0,1,0,0,0,,0,0.00,0.00,292,325
62ff8b9c5af15e27817057fc,Павел,Рябоконь,forward,Суперлига — Суперлига,Мансад,11,3,5,7,3,0,1,1,1,3,,41.00,3.73,7,325
62ff4387a2d7241a652619e3,Никита,Степанов,defensive_midfielder,Суперлига — Суперлига,Мансад,9,0,0,1,2,0,1,1,0,3,2,6.00,0.67,153,325
62fe97bb375a1c1d6366d9eb,Борис,Тарасенко,forward,Суперлига — Суперлига,Мансад,3,0,2,1,0,0,0,0,0,,,9.00,3.00,113,325
685e573e804ebd01027c8dd8,Максим,Хачатрян,attacking_midfielder,Суперлига — Суперлига,Мансад,10,0,3,2,1,0,0,0,0,,0,12.00,1.20,87,325
62ffab195af15e2781725328,Виталий,Безотосов,attacking_midfielder,Суперлига — Суперлига,Проект 111,6,1,2,0,0,0,1,1,0,1,3,9.00,1.50,101,325
660a89dff8f98456aa9189b7,Илья,Беляев,goalkeeper,Суперлига — Суперлига,Проект 111,8,0,0,0,0,0,0,0,0,,0,0.00,0.00,245,325
67fd3763ed6bb386d61cc83c,Максим,Годзоев,defender,Суперлига — Суперлига,Проект 111,3,0,1,0,0,0,0,0,0,,0,1.00,0.33,221,325
62ff71415af15e27816e7025,Андрей,Головин,attacking_midfielder,Суперлига — Суперлига,Проект 111,1,0,0,0,0,0,0,0,0,,0,0.00,0.00,252,325
62ff42bca2d7241a65261050,Максим,Карнаух,forward,Суперлига — Суперлига,Проект 111,12,2,5,5,3,0,1,1,1,1,,34.00,2.83,13,325
69a183a2ade398b0e191f583,Дмитрий,Коняев,defensive_midfielder,Суперлига — Суперлига,Проект 111,2,0,0,0,0,0,0,0,0,,0,0.00,0.00,267,325
6323a0751ee2327f6862b7b4,Владислав,Лукин,defender,Суперлига — Суперлига,Проект 111,12,1,1,1,1,0,1,1,1,3,2,9.00,0.75,107,325
62ffb42e5af15e278172e822,Кирилл,Майоров,defensive_midfielder,Суперлига — Суперлига,Проект 111,4,0,1,0,0,0,0,0,0,,0,2.00,0.50,210,325
62ffad085af15e2781726c8e,Кирилл,Малахов,attacking_midfielder,Суперлига — Суперлига,Проект 111,0,0,0,0,0,0,1,1,0,1,3,4.00,4.00,179,325
65169c8da675f44ead43050b,Иван,Миклин,defensive_midfielder,Суперлига — Суперлига,Проект 111,10,2,0,2,0,0,1,1,1,1,4,14.00,1.40,72,325
62ff89205af15e2781702cee,Александр,Никитин,defender,Суперлига — Суперлига,Проект 111,10,0,0,0,2,0,0,0,0,,0,0.00,0.00,287,325
63239bf51ee2327f68629326,Максим,Осипов,defender,Суперлига — Суперлига,Проект 111,11,1,1,2,3,0,1,1,0,1,6,15.00,1.36,65,325
6516b513a675f44ead43f9f2,Антон,Паршунин,forward,Суперлига — Суперлига,Проект 111,6,2,5,0,1,0,2,2,0,3,,19.00,3.17,43,325
62ffafa15af15e27817296c8,Григорий,Платухин,defender,Суперлига — Суперлига,Проект 111,1,0,0,0,0,0,1,1,0,1,6,7.00,7.00,133,325
62ff57d74e0d681d80aad162,Никита,Самойлов,attacking_midfielder,Суперлига — Суперлига,Проект 111,2,0,0,0,0,0,0,0,0,,0,0.00,0.00,304,325
67f7d515f5381486e7421402,Кирилл,Светловский,defensive_midfielder,Суперлига — Суперлига,Проект 111,7,0,0,0,1,0,0,0,0,,0,0.00,0.00,305,325
632396c71ee2327f686266ce,Михаил,Слащёв,attacking_midfielder,Суперлига — Суперлига,Проект 111,5,0,2,1,0,0,0,0,0,,0,7.00,1.40,137,325
62ff90225af15e278170a429,Никита,Смекалов,defender,Суперлига — Суперлига,Проект 111,6,0,0,0,1,0,1,1,1,1,6,8.00,1.33,128,325
62fe407660710a0b7a96b257,Сергей,Степлиани,forward,Суперлига — Суперлига,Проект 111,5,0,1,0,3,0,1,1,0,0,,4.00,0.80,184,325
62fe3d8a60710a0b7a9694f8,Петр,Терпячий,forward,Суперлига — Суперлига,Проект 111,11,0,0,0,1,0,1,1,0,1,,1.00,0.09,234,325
62ffafdc5af15e2781729a41,Владислав,Ушаков,goalkeeper,Суперлига — Суперлига,Проект 111,4,0,0,0,0,0,1,1,1,1,6,9.00,2.25,115,325
6399a1e22839583707a4ea03,Даниил,Фоломкин,goalkeeper,Суперлига — Суперлига,Проект 111,0,0,0,0,0,0,0,0,0,,0,0.00,0.00,317,325
6859537e804ebd010273a39b,Кирилл,Фурсов,defender,Суперлига — Суперлига,Проект 111,1,0,0,0,0,0,0,0,0,,0,0.00,0.00,318,325
62ff9d215af15e27817175a0,Дмитрий,Чубук,defender,Суперлига — Суперлига,Проект 111,8,2,2,2,3,1,1,1,1,1,6,18.00,2.25,48,325
643937bc04ab3d76edbe0ff8,Сиявуш,Шарипов,defensive_midfielder,Суперлига — Суперлига,Проект 111,6,0,0,0,0,0,2,2,0,3,7,9.00,1.50,118,325
62ff56124e0d681d80aab59a,Андрей,Афанасьев,defender,Суперлига — Суперлига,СБР-А сталь,2,0,0,1,0,0,1,0,1,2,4,8.00,4.00,121,325
62fe57c834134c11a93ca32d,Кирилл,Барчугов,defender,Суперлига — Суперлига,СБР-А сталь,11,0,0,1,2,0,1,1,1,0,8,13.00,1.18,77,325
62ff6d9d5af15e27816e3ac6,Юрий,Беликов,defensive_midfielder,Суперлига — Суперлига,СБР-А сталь,6,0,0,0,2,0,1,1,1,2,3,5.00,0.83,159,325
62fe98ca375a1c1d6366e18d,Сергей,Бодров,defensive_midfielder,Суперлига — Суперлига,СБР-А сталь,11,0,1,2,1,0,0,0,0,,0,8.00,0.73,122,325
62fe9b02375a1c1d6366f60a,Сергей,Глазюков,attacking_midfielder,Суперлига — Суперлига,СБР-А сталь,9,2,2,2,3,0,1,0,1,2,2,15.00,1.67,61,325
62fe9abf375a1c1d6366f400,Юрий,Исаков,forward,Суперлига — Суперлига,СБР-А сталь,2,0,0,0,0,0,0,0,0,,,0.00,0.00,259,325
62fe74b0ba2fdf174bb79244,Павел,Карпенко,forward,Суперлига — Суперлига,СБР-А сталь,9,1,5,3,0,1,0,0,0,,,25.00,2.78,26,325
62fe41d360710a0b7a96bd18,Антон,Картанов,goalkeeper,Суперлига — Суперлига,СБР-А сталь,1,0,0,0,1,0,0,0,0,,0,0.00,0.00,262,325
62ff92845af15e278170c7b0,Денис,Книга,goalkeeper,Суперлига — Суперлига,СБР-А сталь,11,4,0,0,1,0,0,0,0,,0,4.00,0.36,178,325
64398520a27412646297eeb3,Павел,Комолов,attacking_midfielder,Суперлига — Суперлига,СБР-А сталь,10,2,1,5,2,0,2,1,1,2,6,27.00,2.70,21,325
637c87cf0e28ed18cdea66bb,Мансур,Магомедов,defensive_midfielder,Суперлига — Суперлига,СБР-А сталь,2,0,0,0,0,0,0,0,0,,0,0.00,0.00,278,325
62feb1e89c26801f955f7a4e,Алексей,Малюков,defensive_midfielder,Суперлига — Суперлига,СБР-А сталь,5,0,1,0,0,0,1,0,0,2,3,5.00,1.00,169,325
62feadbe9c26801f955f4b58,Дмитрий,Перегонцев,defender,Суперлига — Суперлига,СБР-А сталь,11,1,0,0,2,0,0,0,0,,0,1.00,0.09,232,325
62ff84595af15e27816fd2e7,Филипп,Постников,defensive_midfielder,Суперлига — Суперлига,СБР-А сталь,2,0,0,0,1,0,0,0,0,,0,0.00,0.00,296,325
62ff8a3d5af15e2781703eed,Александр,Савин,forward,Суперлига — Суперлига,СБР-А сталь,1,0,0,0,0,0,0,0,0,,,0.00,0.00,303,325
63239c1f1ee2327f68629489,Али,Садыхов,defensive_midfielder,Суперлига — Суперлига,СБР-А сталь,11,0,0,2,0,0,0,0,0,,0,6.00,0.55,152,325
62ff95895af15e278170f55f,Антон,Серов,defender,Суперлига — Суперлига,СБР-А сталь,2,0,0,0,0,0,1,0,1,2,4,5.00,2.50,171,325
632393cf1ee2327f68624e18,Михаил,Смолянинов,defensive_midfielder,Суперлига — Суперлига,СБР-А сталь,7,0,0,1,0,0,0,0,0,,0,3.00,0.43,203,325
6918c949a89e0e7bea11b5c2,Артем,Степин,attacking_midfielder,Суперлига — Суперлига,СБР-А сталь,5,0,2,0,0,0,0,0,0,,0,4.00,0.80,183,325
68a38bb9e93ba2a9ca3dec6b,Артем,Тихонов,forward,Суперлига — Суперлига,СБР-А сталь,9,0,2,2,2,0,0,0,0,,,12.00,1.33,86,325
62ffbb19aa8c2e49e5f80457,Роман,Ухин,attacking_midfielder,Суперлига — Суперлига,СБР-А сталь,2,1,0,1,0,0,0,0,0,,0,4.00,2.00,187,325
62fe492060710a0b7a9704ef,Сергей,Цыганов,defender,Суперлига — Суперлига,СБР-А сталь,6,0,0,0,0,0,1,0,0,2,4,4.00,0.67,188,325
62ff97bd5af15e2781711a2d,Радмир,Шарипов,attacking_midfielder,Суперлига — Суперлига,СБР-А сталь,6,1,4,0,0,0,0,0,0,,0,9.00,1.50,117,325
62fe3e0c60710a0b7a96983e,Станислав,Яблоков,attacking_midfielder,Суперлига — Суперлига,СБР-А сталь,12,0,6,1,3,0,1,0,1,2,2,18.00,1.50,49,325
62ffacf25af15e2781726b78,Василий,Яцков,forward,Суперлига — Суперлига,СБР-А сталь,8,0,3,5,1,0,0,0,0,,,24.00,3.00,29,325
62ffbb14aa8c2e49e5f80410,Магед,Али,defender,Суперлига — Суперлига,СК Волна,8,2,0,1,2,0,0,0,0,,0,5.00,0.63,156,325
660bee637d615abd716cec5a,Артемий,Анисимов,attacking_midfielder,Суперлига — Суперлига,СК Волна,11,2,7,2,0,0,1,1,1,1,3,27.00,2.45,20,325
62ff847b5af15e27816fd48e,Евгений,Антонов,defender,Суперлига — Суперлига,СК Волна,4,0,0,0,0,0,1,1,1,1,6,8.00,2.00,120,325
632399691ee2327f68627d74,Валерий,Билиходзе,forward,Суперлига — Суперлига,СК Волна,10,2,10,3,0,0,1,1,0,1,,42.00,4.20,4,325
62fead799c26801f955f4896,Александр,Богданов,attacking_midfielder,Суперлига — Суперлига,СК Волна,8,0,3,2,1,0,1,1,0,1,3,16.00,2.00,53,325
62fea9c29c26801f955f28cc,Антон,Василенко,defender,Суперлига — Суперлига,СК Волна,5,0,0,0,0,0,0,0,0,,0,0.00,0.00,250,325
633bf92dd0a90c23ff37d679,Василий,Запрягаев,defender,Суперлига — Суперлига,СК Волна,7,1,1,1,1,0,0,0,0,,0,5.00,0.71,162,325
62ff891f5af15e2781702ce4,Григорий,Зинченко,attacking_midfielder,Суперлига — Суперлига,СК Волна,6,0,1,0,0,0,0,0,0,,0,2.00,0.33,208,325
62ff62685af15e27816d7f9d,Алексей,Зотов,defensive_midfielder,Суперлига — Суперлига,СК Волна,5,0,0,1,0,0,0,0,0,,0,3.00,0.60,196,325
62ff53a14e0d681d80aa918f,Владислав,Кузьмицкий,forward,Суперлига — Суперлига,СК Волна,11,1,7,6,0,0,1,1,1,3,,42.00,3.82,5,325
62fe9f5e9c26801f955ec0a8,Никита,Лебле,defender,Суперлига — Суперлига,СК Волна,8,0,0,0,0,0,1,1,1,1,6,8.00,1.00,126,325
62ff3f4e796bcd18bd210c41,Николай,Маркин,defensive_midfielder,Суперлига — Суперлига,СК Волна,7,0,2,0,0,0,0,0,0,,0,4.00,0.57,180,325
667c771cc54339a10eb3dabb,Богдан,Медоев,attacking_midfielder,Суперлига — Суперлига,СК Волна,11,0,3,0,4,0,1,1,1,1,3,11.00,1.00,91,325
62feaa209c26801f955f2cea,Александр,Миронов,attacking_midfielder,Суперлига — Суперлига,СК Волна,2,0,0,0,0,0,0,0,0,,0,0.00,0.00,284,325
62fe409860710a0b7a96b300,Алексей,Панько,forward,Суперлига — Суперлига,СК Волна,11,2,4,4,2,0,2,2,2,0,,30.00,2.73,15,325
62ffbb25aa8c2e49e5f80504,Никита,Податнов,defensive_midfielder,Суперлига — Суперлига,СК Волна,2,0,1,0,0,0,1,1,0,1,4,7.00,3.50,134,325
62ff43bfa2d7241a65261bfe,Даниил,Пустовойт,defensive_midfielder,Суперлига — Суперлига,СК Волна,1,0,0,0,1,0,1,1,1,1,4,6.00,6.00,151,325
62feb0b49c26801f955f6e72,Герман,Пятников,defensive_midfielder,Суперлига — Суперлига,СК Волна,0,0,0,0,0,0,0,0,0,,0,0.00,0.00,297,325
667c792fa2cc3949f7282128,Борис,Рогозин,defensive_midfielder,Суперлига — Суперлига,СК Волна,1,0,0,0,0,0,0,0,0,,0,0.00,0.00,301,325
6648fe76ba267541dd5b60f1,Максим,Сологуб,goalkeeper,Суперлига — Суперлига,СК Волна,11,1,0,0,0,0,0,0,0,,0,1.00,0.09,233,325
62ffbc8aaa8c2e49e5f81f87,Сергей,Титов,attacking_midfielder,Суперлига — Суперлига,СК Волна,2,0,0,0,0,0,1,1,0,1,3,4.00,2.00,186,325
62fe9ee19c26801f955ebc1b,Роман,Шмонин,defensive_midfielder,Суперлига — Суперлига,СК Волна,5,0,0,0,0,0,1,1,0,1,4,5.00,1.00,172,325
62ff9dca5af15e278171802d,Антон,Шолох,attacking_midfielder,Суперлига — Суперлига,СК Волна,9,0,4,3,2,1,1,1,1,3,1,20.00,2.22,38,325
62ffb87aaa8c2e49e5f7d76b,Артем,Гаврилов,forward,Суперлига — Суперлига,Сотранс-КЧ,2,0,0,0,0,0,2,0,1,10,,1.00,0.50,220,325
62fe7637ba2fdf174bb7a0b2,Алексей,Георгиев,defender,Суперлига — Суперлига,Сотранс-КЧ,9,2,1,1,2,0,0,0,0,,0,6.00,0.67,141,325
62ff4d8e4e0d681d80aa2fa0,Карлен,Дарчинян,defensive_midfielder,Суперлига — Суперлига,Сотранс-КЧ,4,0,0,0,0,0,0,0,0,,0,0.00,0.00,254,325
63239a951ee2327f68628769,Иса,Дрбоев,forward,Суперлига — Суперлига,Сотранс-КЧ,4,0,0,0,0,0,1,0,1,2,,1.00,0.25,223,325
6554c65a4e7c49ac7d2b1019,Данила,Дятлов,attacking_midfielder,Суперлига — Суперлига,Сотранс-КЧ,4,1,2,1,0,0,0,0,0,,0,8.00,2.00,124,325
62fea9f99c26801f955f2b32,Александр,Жевлаков,defender,Суперлига — Суперлига,Сотранс-КЧ,3,0,0,0,2,0,1,0,1,5,0,1.00,0.33,224,325
62fea3e49c26801f955ee910,Владислав,Капустян,defender,Суперлига — Суперлига,Сотранс-КЧ,10,3,0,0,3,0,1,1,1,2,4,9.00,0.90,104,325
637c86920e28ed18cdea5c2c,Сергей,Ковалев,defensive_midfielder,Суперлига — Суперлига,Сотранс-КЧ,3,0,0,0,0,0,1,1,1,2,3,5.00,1.67,164,325
62ff6ba55af15e27816e1dfc,Денис,Коробейников,defender,Суперлига — Суперлига,Сотранс-КЧ,9,1,0,0,1,0,0,0,0,,0,1.00,0.11,226,325
69870026ca72060a93a8f2a1,Игорь,Красовский,defensive_midfielder,Суперлига — Суперлига,Сотранс-КЧ,7,0,0,0,0,0,0,0,0,,0,0.00,0.00,271,325
6323a4341ee2327f6862d67c,Иван,Кривощеков,forward,Суперлига — Суперлига,Сотранс-КЧ,10,0,2,1,1,0,1,1,0,2,,10.00,1.00,97,325
63f4f95af64d54b8fe6c0924,Егор,Максимов,attacking_midfielder,Суперлига — Суперлига,Сотранс-КЧ,11,0,3,0,0,0,1,1,0,2,2,9.00,0.82,109,325
688d269dee774c1000eba2bb,Натан,Наврузов,defensive_midfielder,Суперлига — Суперлига,Сотранс-КЧ,7,0,0,0,0,0,0,0,0,,0,0.00,0.00,286,325
62ff83d65af15e27816fcd1c,Вугар,Назарли,forward,Суперлига — Суперлига,Сотранс-КЧ,11,1,0,3,3,0,1,1,1,2,,12.00,1.09,83,325
66178f6a3a4640b6f80f7094,Степан,Распопов,attacking_midfielder,Суперлига — Суперлига,Сотранс-КЧ,3,0,0,0,0,0,0,0,0,,0,0.00,0.00,299,325
66199ce7e0fc3302cc636e32,Омар,Сизей,attacking_midfielder,Суперлига — Суперлига,Сотранс-КЧ,0,0,0,0,0,0,0,0,0,,0,0.00,0.00,307,325
67963e7c629d5c8729ea9e67,Сергей,Симанов,forward,Суперлига — Суперлига,Сотранс-КЧ,6,1,6,3,1,0,0,0,0,,,28.00,4.67,19,325
688d1eefee774c1000eb9599,Михаил,Синельников,attacking_midfielder,Суперлига — Суперлига,Сотранс-КЧ,9,1,2,1,2,0,1,1,1,2,2,12.00,1.33,85,325
62ff91c35af15e278170bb61,Сергей,Соснин,goalkeeper,Суперлига — Суперлига,Сотранс-КЧ,10,0,1,0,1,1,1,1,1,2,4,7.00,0.70,138,325
673f33d96060acdd39b2ad98,Даниил,Фадеев,defensive_midfielder,Суперлига — Суперлига,Сотранс-КЧ,2,0,0,0,0,0,0,0,0,,0,0.00,0.00,315,325
69d0434ee9403d06875b3ce9,Максим,Фёдоров,,Суперлига — Суперлига,Сотранс-КЧ,0,0,0,0,0,0,0,0,0,,,0.00,0.00,319,325
62feb16f9c26801f955f75b5,Джемали,Харченков,defender,Суперлига — Суперлига,Сотранс-КЧ,11,0,0,0,3,0,1,1,1,2,4,6.00,0.55,154,325
62ff91ec5af15e278170bdad,Александр,Черногалов,defensive_midfielder,Суперлига — Суперлига,Сотранс-КЧ,10,1,0,1,2,0,1,1,1,2,3,9.00,0.90,116,325
64326c1711e3506c846fb731,Сергей,Белич,attacking_midfielder,Суперлига — Суперлига,Старая Школа,5,0,1,0,0,0,2,1,1,3,5,9.00,1.80,102,325
632384181ee2327f6861cafe,Артем,Гонч,attacking_midfielder,Суперлига — Суперлига,Старая Школа,11,1,1,0,2,0,0,0,0,,0,3.00,0.27,193,325
62ff53f34e0d681d80aa95db,Андрей,Гуцкий,defender,Суперлига — Суперлига,Старая Школа,6,2,0,0,0,0,0,0,0,,0,2.00,0.33,206,325
63239c721ee2327f6862975a,Даниил,Захаров,defensive_midfielder,Суперлига — Суперлига,Старая Школа,2,0,0,0,0,0,1,0,0,4,1,1.00,0.50,225,325
62ffac395af15e2781726347,Владимир,Игнатенко,forward,Суперлига — Суперлига,Старая Школа,5,0,2,0,0,0,1,0,1,3,,7.00,1.40,130,325
67fa2cc8ed6bb386d610a40f,Александр,Козлов,attacking_midfielder,Суперлига — Суперлига,Старая Школа,8,0,0,2,0,0,0,0,0,,0,6.00,0.75,145,325
62fe5e5634134c11a93ce28b,Дмитрий,Король,attacking_midfielder,Суперлига — Суперлига,Старая Школа,5,0,0,0,1,0,0,0,0,,0,0.00,0.00,269,325
62ffae775af15e2781728404,Роман,Леонтьев,defensive_midfielder,Суперлига — Суперлига,Старая Школа,5,1,1,1,2,0,0,0,0,,0,6.00,1.20,147,325
6617b1bd8ec177bc634fb41e,Дмитрий,Малюгин,,Суперлига — Суперлига,Старая Школа,1,0,0,0,0,0,0,0,0,,,0.00,0.00,280,325
69302fc258630c3ed06bf231,Иван,Масленников,forward,Суперлига — Суперлига,Старая Школа,7,0,2,0,1,0,0,0,0,,,6.00,0.86,148,325
62fea21c9c26801f955ed69a,Сергей,Михайлов,defender,Суперлига — Суперлига,Старая Школа,8,0,0,0,4,1,1,0,0,3,2,2.00,0.25,211,325
680c7fd7f9cf62a3ce749a00,Артём,Мосеев,goalkeeper,Суперлига — Суперлига,Старая Школа,2,1,0,0,0,0,0,0,0,,0,1.00,0.50,230,325
683ad98037ed1c999165c2f1,Егор,Пынтя,defender,Суперлига — Суперлига,Старая Школа,6,0,0,0,1,0,2,1,0,3,10,11.00,1.83,94,325
626bcab8af7b581f4bf6ffd7,Сергей,Ракитин,defender,Суперлига — Суперлига,Старая Школа,2,0,0,0,0,0,1,0,0,3,2,2.00,1.00,213,325
6a19ef3d9364361abaf9d4b8,Георгий,Тютюкин,forward,Суперлига — Суперлига,Старая Школа,4,0,0,0,0,0,0,0,0,,,0.00,0.00,313,325
64314bedf7804736495e2648,Михаил,Хаит,defender,Суперлига — Суперлига,Старая Школа,4,0,0,0,0,0,0,0,0,,0,0.00,0.00,320,325
62ff892e5af15e2781702d8d,Иван,Цветков,defensive_midfielder,Суперлига — Суперлига,Старая Школа,10,1,1,0,5,1,0,0,0,,0,3.00,0.30,205,325
62ff59504e0d681d80aafb9e,Тимур,Шофеев,goalkeeper,Суперлига — Суперлига,Старая Школа,8,1,0,0,0,0,0,0,0,,0,1.00,0.13,237,325
6323841a1ee2327f6861cb08,Алексей,Янушанец,defender,Суперлига — Суперлига,Старая Школа,8,1,0,0,2,0,0,0,0,,0,1.00,0.13,238,325
62ff53174e0d681d80aa8a99,Игорь,Яшкин,forward,Суперлига — Суперлига,Старая Школа,1,0,0,0,0,0,0,0,0,,,0.00,0.00,325,325
63d388a8f8a9f8170785d100,Данила,Антонов,attacking_midfielder,Суперлига — Суперлига,Чемпион,9,0,0,0,1,0,0,0,0,,0,0.00,0.00,242,325
62ffad175af15e2781726d50,Стефан,Баронов,attacking_midfielder,Суперлига — Суперлига,Чемпион,6,0,0,0,1,0,0,0,0,,0,0.00,0.00,244,325
632393d51ee2327f68624e4d,Илья,Блинов,goalkeeper,Суперлига — Суперлига,Чемпион,3,1,0,0,0,0,0,0,0,,0,1.00,0.33,219,325
62ffbbc7aa8c2e49e5f80ec1,Никита,Богомолов,goalkeeper,Суперлига — Суперлига,Чемпион,10,1,0,0,0,0,1,0,0,2,4,5.00,0.50,161,325
62ff9c455af15e27817169f3,Муслим,Гамидов,attacking_midfielder,Суперлига — Суперлига,Чемпион,7,0,1,2,1,0,0,0,0,,0,8.00,1.14,123,325
62ff694e5af15e27816def08,Антон,Елисеев,attacking_midfielder,Суперлига — Суперлига,Чемпион,11,0,2,3,2,0,1,0,1,2,2,16.00,1.45,54,325
6439ac8ada107a1e92e48112,Александр,Захаров,defender,Суперлига — Суперлига,Чемпион,11,2,3,0,2,0,1,0,1,2,4,10.00,0.91,96,325
69d1212271153d06a5de4d30,Герман,Здойма,forward,Суперлига — Суперлига,Чемпион,8,0,2,0,1,0,0,0,0,,,6.00,0.75,143,325
697dbaddec42650adef0a0c2,Андрей,Ивашнев,,Суперлига — Суперлига,Чемпион,0,0,0,0,0,0,0,0,0,,,0.00,0.00,257,325
6973ca8ec8254e0a9a42e93f,Алексей,Калабин,defensive_midfielder,Суперлига — Суперлига,Чемпион,2,0,0,0,0,0,0,0,0,,0,0.00,0.00,260,325
62ff66485af15e27816dc6e6,Сергей,Кищук,goalkeeper,Суперлига — Суперлига,Чемпион,8,0,0,0,0,0,1,0,1,2,4,5.00,0.63,163,325
64cbce5b0809ca31ab8cf8f1,Владислав,Козурман,defender,Суперлига — Суперлига,Чемпион,4,0,0,0,2,0,0,0,0,,0,0.00,0.00,266,325
62ffac5a5af15e2781726499,Михаил,Королев,attacking_midfielder,Суперлига — Суперлига,Чемпион,5,2,1,3,0,0,0,0,0,,0,13.00,2.60,78,325
62ff92045af15e278170bf30,Антон,Костромин,attacking_midfielder,Суперлига — Суперлига,Чемпион,5,0,1,1,0,0,0,0,0,,0,5.00,1.00,165,325
62ffb2ce5af15e278172cf14,Егор,Кудряшов,forward,Суперлига — Суперлига,Чемпион,11,0,2,1,4,0,1,0,1,2,,10.00,0.91,98,325
6973ca8ec8254e0a9a42e93d,Андрей,Лихачев,attacking_midfielder,Суперлига — Суперлига,Чемпион,0,0,0,0,0,0,0,0,0,,0,0.00,0.00,276,325
68b9e73c83a0fa598881efb4,Денис,Новиков,defender,Суперлига — Суперлига,Чемпион,9,4,3,0,1,0,1,0,1,2,4,12.00,1.33,84,325
67fa1c5df5381486e746a5b9,Василий,Орлов,attacking_midfielder,Суперлига — Суперлига,Чемпион,11,1,3,0,0,1,1,0,0,2,2,9.00,0.82,110,325
62feb3789c26801f955f8b04,Артем,Патреляк,forward,Суперлига — Суперлига,Чемпион,0,0,0,0,0,0,0,0,0,,,0.00,0.00,291,325
691827f3a89e0e7bea0ea122,Даниил,Сидельник,defensive_midfielder,Суперлига — Суперлига,Чемпион,6,0,1,0,1,0,0,0,0,,0,2.00,0.33,216,325
63239c261ee2327f686294bd,Семён,Суринович,defender,Суперлига — Суперлига,Чемпион,11,0,1,3,1,0,1,0,1,2,4,15.00,1.36,67,325
63f4f945f64d54b8fe6c0713,Усман,Ташходжаев,forward,Суперлига — Суперлига,Чемпион,7,1,1,0,0,0,0,0,0,,,4.00,0.57,185,325
62ffb1e95af15e278172bf28,Кирилл,Угаров,defensive_midfielder,Суперлига — Суперлига,Чемпион,3,0,0,0,1,0,1,0,0,2,3,3.00,1.00,204,325
62febf44b658972362670b17,Элвин,Яхин,attacking_midfielder,Суперлига — Суперлига,Чемпион,5,0,1,0,0,0,0,0,0,,0,2.00,0.40,218,325
62fe9f499c26801f955ec029,Самур,Абдулов,,Суперлига — Суперлига,Юнитек,1,0,0,0,0,0,0,0,0,,,0.00,0.00,239,325
62ff8aeb5af15e2781704d01,Аскер,Азиков,defensive_midfielder,Суперлига — Суперлига,Юнитек,10,0,1,1,1,0,0,0,0,,0,5.00,0.50,155,325
667c7d79c54339a10eb3e6d3,Василий,Алексеев,attacking_midfielder,Суперлига — Суперлига,Юнитек,8,3,2,1,1,0,2,2,2,0,8,22.00,2.75,30,325
62ffb1a45af15e278172bb52,Никита,Андреев,defensive_midfielder,Суперлига — Суперлига,Юнитек,5,0,1,0,0,0,2,2,1,0,10,15.00,3.00,59,325
63fc74df4d017d3f93a10dd6,Ефим,Бойцов,defensive_midfielder,Суперлига — Суперлига,Юнитек,0,0,0,0,0,0,0,0,0,,0,0.00,0.00,247,325
62ff946d5af15e278170e96d,Дмитрий,Букштан,defender,Суперлига — Суперлига,Юнитек,11,0,1,1,0,0,2,1,2,3,10,17.00,1.55,50,325
6439df66da107a1e92e51a08,Максуд,Дурсунов,defensive_midfielder,Суперлига — Суперлига,Юнитек,6,0,0,0,0,0,2,0,2,8,2,4.00,0.67,175,325
63239b1d1ee2327f68628be4,Александр,Еркин,defender,Суперлига — Суперлига,Юнитек,5,0,0,0,3,0,2,2,2,0,16,20.00,4.00,35,325
62ff89635af15e2781703081,Сергей,Ермаков,defender,Суперлига — Суперлига,Юнитек,10,3,3,3,0,0,2,2,1,0,16,34.00,3.40,12,325
62ff7e805af15e27816f77fc,Михаил,Кирьянов,defensive_midfielder,Суперлига — Суперлига,Юнитек,11,0,3,0,1,0,2,2,1,0,10,19.00,1.73,40,325
62fe51bc34134c11a93c744d,Дмитрий,Косенко,defender,Суперлига — Суперлига,Юнитек,5,0,0,0,0,0,1,1,0,0,8,9.00,1.80,106,325
62ff589a4e0d681d80aaefad,Юрий,Лебедев,defender,Суперлига — Суперлига,Юнитек,11,0,0,0,2,0,2,2,1,0,16,19.00,1.73,41,325
62ffaeee5af15e27817289a6,Максим,Левин,,Суперлига — Суперлига,Юнитек,0,0,0,0,0,0,0,0,0,,,0.00,0.00,274,325
62ff8cf95af15e278170759e,Иван,Ломашев,forward,Суперлига — Суперлига,Юнитек,3,0,0,0,1,0,0,0,0,,,0.00,0.00,277,325
69a183a2ade398b0e191f581,Иван,Маркелов,defender,Суперлига — Суперлига,Юнитек,10,2,2,7,3,0,0,0,0,,0,25.00,2.50,27,325
6918ad8aacd22ab4b7082d98,Михаил,Маркин,forward,Суперлига — Суперлига,Юнитек,7,3,11,2,0,0,0,0,0,,,42.00,6.00,6,325
62fea8c39c26801f955f1fd9,Илья,Мерчук,defender,Суперлига — Суперлига,Юнитек,2,0,1,0,0,0,2,2,1,0,16,20.00,10.00,36,325
62ff7d315af15e27816f61fb,Вадим,Романов,defensive_midfielder,Суперлига — Суперлига,Юнитек,8,0,0,2,0,0,2,2,2,0,10,20.00,2.50,37,325
69f28418b2c23fc612b51acc,Эдуард,Суханов,,Суперлига — Суперлига,Юнитек,1,0,0,0,0,0,0,0,0,,,0.00,0.00,312,325
62ffb27e5af15e278172ca88,Георгий,Усачев,forward,Суперлига — Суперлига,Юнитек,10,0,5,4,0,0,0,0,0,,,27.00,2.70,22,325
632388131ee2327f6861ebb9,Артём,Шляпников,goalkeeper,Суперлига — Суперлига,Юнитек,9,0,0,0,0,0,2,2,2,0,16,22.00,2.44,32,325
